Case,Modality,Feature Class,Feature Name,Value
HGG_Patient1,Flair,original,Elongation,0.3323803674167271
HGG_Patient1,Flair,original,Flatness,0.17979012477577555
HGG_Patient1,Flair,original,LeastAxisLength,15.539236626169968
HGG_Patient1,Flair,original,MajorAxisLength,86.4298672997177
HGG_Patient1,Flair,original,Maximum2DDiameterColumn,44.204072210600685
HGG_Patient1,Flair,original,Maximum2DDiameterRow,66.75327707311455
HGG_Patient1,Flair,original,Maximum2DDiameterSlice,62.64982043070834
HGG_Patient1,Flair,original,Maximum3DDiameter,80.77747210701756
HGG_Patient1,Flair,original,MeshVolume,4015.5416666666665
HGG_Patient1,Flair,original,MinorAxisLength,28.727591048859136
HGG_Patient1,Flair,original,Sphericity,0.23257490052796545
HGG_Patient1,Flair,original,SurfaceArea,5253.120604289723
HGG_Patient1,Flair,original,SurfaceVolumeRatio,1.3081972596365512
HGG_Patient1,Flair,original,VoxelVolume,4514.0
HGG_Patient1,Flair,original,10Percentile,405.0
HGG_Patient1,Flair,original,90Percentile,499.0
HGG_Patient1,Flair,original,Energy,942134973.0
HGG_Patient1,Flair,original,Entropy,2.6650676193335245
HGG_Patient1,Flair,original,InterquartileRange,44.0
HGG_Patient1,Flair,original,Kurtosis,15.788759592565341
HGG_Patient1,Flair,original,Maximum,567.0
HGG_Patient1,Flair,original,MeanAbsoluteDeviation,30.469916072656545
HGG_Patient1,Flair,original,Mean,454.6590607000443
HGG_Patient1,Flair,original,Median,460.0
HGG_Patient1,Flair,original,Minimum,83.0
HGG_Patient1,Flair,original,Range,484.0
HGG_Patient1,Flair,original,RobustMeanAbsoluteDeviation,18.83104959935984
HGG_Patient1,Flair,original,RootMeanSquared,456.85226814008576
HGG_Patient1,Flair,original,Skewness,-2.2876094350944904
HGG_Patient1,Flair,original,TotalEnergy,942134973.0
HGG_Patient1,Flair,original,Uniformity,0.20015394433779493
HGG_Patient1,Flair,original,Variance,1999.1334280942326
HGG_Patient1,Flair,original,Autocorrelation,251.2215980630431
HGG_Patient1,Flair,original,ClusterProminence,668.2870028696206
HGG_Patient1,Flair,original,ClusterShade,-27.15999336575649
HGG_Patient1,Flair,original,ClusterTendency,9.069686763704706
HGG_Patient1,Flair,original,Contrast,1.1213805248535895
HGG_Patient1,Flair,original,Correlation,0.77587531096256
HGG_Patient1,Flair,original,DifferenceAverage,0.7266007134329171
HGG_Patient1,Flair,original,DifferenceEntropy,1.4988877105715273
HGG_Patient1,Flair,original,DifferenceVariance,0.5732340581273714
HGG_Patient1,Flair,original,Id,0.691732740484328
HGG_Patient1,Flair,original,Idm,0.6745413099606191
HGG_Patient1,Flair,original,Idmn,0.9972339904709764
HGG_Patient1,Flair,original,Idn,0.9662241266721185
HGG_Patient1,Flair,original,Imc1,-0.26783469695106954
HGG_Patient1,Flair,original,Imc2,0.8568542809946637
HGG_Patient1,Flair,original,InverseVariance,0.47148509996656823
HGG_Patient1,Flair,original,JointAverage,15.787149882010748
HGG_Patient1,Flair,original,JointEnergy,0.06249691843535335
HGG_Patient1,Flair,original,JointEntropy,4.594014441376087
HGG_Patient1,Flair,original,MCC,0.9124298159964896
HGG_Patient1,Flair,original,MaximumProbability,0.1469483798222285
HGG_Patient1,Flair,original,SumAverage,31.574299764021497
HGG_Patient1,Flair,original,SumEntropy,3.5423542888694968
HGG_Patient1,Flair,original,SumSquares,2.5477668221395735
HGG_Patient1,Flair,original,DependenceEntropy,6.635205182726875
HGG_Patient1,Flair,original,DependenceNonUniformity,289.26849800620295
HGG_Patient1,Flair,original,DependenceNonUniformityNormalized,0.06408252060394394
HGG_Patient1,Flair,original,DependenceVariance,19.587400710122736
HGG_Patient1,Flair,original,GrayLevelNonUniformity,903.4949047408064
HGG_Patient1,Flair,original,GrayLevelVariance,3.2590403036955484
HGG_Patient1,Flair,original,HighGrayLevelEmphasis,249.93132476739035
HGG_Patient1,Flair,original,LargeDependenceEmphasis,84.66947275143997
HGG_Patient1,Flair,original,LargeDependenceHighGrayLevelEmphasis,21188.150199379706
HGG_Patient1,Flair,original,LargeDependenceLowGrayLevelEmphasis,0.3536512020814279
HGG_Patient1,Flair,original,LowGrayLevelEmphasis,0.0052334973772568
HGG_Patient1,Flair,original,SmallDependenceEmphasis,0.08518947011402012
HGG_Patient1,Flair,original,SmallDependenceHighGrayLevelEmphasis,18.833325680174944
HGG_Patient1,Flair,original,SmallDependenceLowGrayLevelEmphasis,0.0008440643453552487
HGG_Patient1,Flair,original,GrayLevelNonUniformity,638.2148384827802
HGG_Patient1,Flair,original,GrayLevelNonUniformityNormalized,0.19407314118806268
HGG_Patient1,Flair,original,GrayLevelVariance,3.744725292180905
HGG_Patient1,Flair,original,HighGrayLevelRunEmphasis,249.19246607287488
HGG_Patient1,Flair,original,LongRunEmphasis,2.551108361994862
HGG_Patient1,Flair,original,LongRunHighGrayLevelEmphasis,639.1378682680538
HGG_Patient1,Flair,original,LongRunLowGrayLevelEmphasis,0.01225449995003297
HGG_Patient1,Flair,original,LowGrayLevelRunEmphasis,0.005600387744899049
HGG_Patient1,Flair,original,RunEntropy,3.8600722512289107
HGG_Patient1,Flair,original,RunLengthNonUniformity,1940.6083540608759
HGG_Patient1,Flair,original,RunLengthNonUniformityNormalized,0.5827189661158938
HGG_Patient1,Flair,original,RunPercentage,0.7281789986708017
HGG_Patient1,Flair,original,RunVariance,0.5948844049859763
HGG_Patient1,Flair,original,ShortRunEmphasis,0.7880675623839953
HGG_Patient1,Flair,original,ShortRunHighGrayLevelEmphasis,195.676759479005
HGG_Patient1,Flair,original,ShortRunLowGrayLevelEmphasis,0.004697911904602405
HGG_Patient1,Flair,original,GrayLevelNonUniformity,50.23114355231144
HGG_Patient1,Flair,original,GrayLevelNonUniformityNormalized,0.12221689428786238
HGG_Patient1,Flair,original,GrayLevelVariance,10.232404496776597
HGG_Patient1,Flair,original,HighGrayLevelZoneEmphasis,218.8978102189781
HGG_Patient1,Flair,original,LargeAreaEmphasis,2463.8540145985403
HGG_Patient1,Flair,original,LargeAreaHighGrayLevelEmphasis,624447.8442822384
HGG_Patient1,Flair,original,LargeAreaLowGrayLevelEmphasis,9.92683985112444
HGG_Patient1,Flair,original,LowGrayLevelZoneEmphasis,0.01087549918475732
HGG_Patient1,Flair,original,SizeZoneNonUniformity,126.17761557177616
HGG_Patient1,Flair,original,SizeZoneNonUniformityNormalized,0.30700149774154784
HGG_Patient1,Flair,original,SmallAreaEmphasis,0.5724376588176417
HGG_Patient1,Flair,original,SmallAreaHighGrayLevelEmphasis,117.1357599602726
HGG_Patient1,Flair,original,SmallAreaLowGrayLevelEmphasis,0.00629718667335986
HGG_Patient1,Flair,original,ZoneEntropy,5.6757475019326495
HGG_Patient1,Flair,original,ZonePercentage,0.09105006645990253
HGG_Patient1,Flair,original,ZoneVariance,2343.2284203858608
HGG_Patient1,Flair,original,Busyness,0.832153601391842
HGG_Patient1,Flair,original,Coarseness,0.002472942869226722
HGG_Patient1,Flair,original,Complexity,121.91248663562068
HGG_Patient1,Flair,original,Contrast,0.00884381269084195
HGG_Patient1,Flair,original,Strength,1.0932426971537628
HGG_Patient1,T1,original,Elongation,0.3323803674167271
HGG_Patient1,T1,original,Flatness,0.17979012477577555
HGG_Patient1,T1,original,LeastAxisLength,15.539236626169968
HGG_Patient1,T1,original,MajorAxisLength,86.4298672997177
HGG_Patient1,T1,original,Maximum2DDiameterColumn,44.204072210600685
HGG_Patient1,T1,original,Maximum2DDiameterRow,66.75327707311455
HGG_Patient1,T1,original,Maximum2DDiameterSlice,62.64982043070834
HGG_Patient1,T1,original,Maximum3DDiameter,80.77747210701756
HGG_Patient1,T1,original,MeshVolume,4015.5416666666665
HGG_Patient1,T1,original,MinorAxisLength,28.727591048859136
HGG_Patient1,T1,original,Sphericity,0.23257490052796545
HGG_Patient1,T1,original,SurfaceArea,5253.120604289723
HGG_Patient1,T1,original,SurfaceVolumeRatio,1.3081972596365512
HGG_Patient1,T1,original,VoxelVolume,4514.0
HGG_Patient1,T1,original,10Percentile,410.0
HGG_Patient1,T1,original,90Percentile,520.0
HGG_Patient1,T1,original,Energy,967092393.0
HGG_Patient1,T1,original,Entropy,2.843242839471093
HGG_Patient1,T1,original,InterquartileRange,52.0
HGG_Patient1,T1,original,Kurtosis,3.4442004467064167
HGG_Patient1,T1,original,Maximum,637.0
HGG_Patient1,T1,original,MeanAbsoluteDeviation,33.570682084133864
HGG_Patient1,T1,original,Mean,460.82299512627384
HGG_Patient1,T1,original,Median,458.0
HGG_Patient1,T1,original,Minimum,324.0
HGG_Patient1,T1,original,Range,313.0
HGG_Patient1,T1,original,RobustMeanAbsoluteDeviation,22.552561132264866
HGG_Patient1,T1,original,RootMeanSquared,462.8637890780599
HGG_Patient1,T1,original,Skewness,0.21548464981988238
HGG_Patient1,T1,original,TotalEnergy,967092393.0
HGG_Patient1,T1,original,Uniformity,0.16998295462018526
HGG_Patient1,T1,original,Variance,1885.0544025489348
HGG_Patient1,T1,original,Autocorrelation,45.86895384426853
HGG_Patient1,T1,original,ClusterProminence,347.5971758819732
HGG_Patient1,T1,original,ClusterShade,4.28173026432383
HGG_Patient1,T1,original,ClusterTendency,10.550231375749085
HGG_Patient1,T1,original,Contrast,1.0010365990712917
HGG_Patient1,T1,original,Correlation,0.8268755952944767
HGG_Patient1,T1,original,DifferenceAverage,0.6930165919591673
HGG_Patient1,T1,original,DifferenceEntropy,1.4455851925816439
HGG_Patient1,T1,original,DifferenceVariance,0.5064803693933991
HGG_Patient1,T1,original,Id,0.698790494140338
HGG_Patient1,T1,original,Idm,0.6838026960931862
HGG_Patient1,T1,original,Idmn,0.9949909888518298
HGG_Patient1,T1,original,Idn,0.9550435886782365
HGG_Patient1,T1,original,Imc1,-0.3152875165674678
HGG_Patient1,T1,original,Imc2,0.9026867772500553
HGG_Patient1,T1,original,InverseVariance,0.4770880583940462
HGG_Patient1,T1,original,JointAverage,6.5938968495287895
HGG_Patient1,T1,original,JointEnergy,0.05956293701660069
HGG_Patient1,T1,original,JointEntropy,4.696607296837443
HGG_Patient1,T1,original,MCC,0.8560581179384766
HGG_Patient1,T1,original,MaximumProbability,0.1413606415285903
HGG_Patient1,T1,original,SumAverage,13.187793699057579
HGG_Patient1,T1,original,SumEntropy,3.7041475771988104
HGG_Patient1,T1,original,SumSquares,2.8878169937050946
HGG_Patient1,T1,original,DependenceEntropy,6.662124906626967
HGG_Patient1,T1,original,DependenceNonUniformity,311.2326096588392
HGG_Patient1,T1,original,DependenceNonUniformityNormalized,0.06894829633558688
HGG_Patient1,T1,original,DependenceVariance,18.17995429568895
HGG_Patient1,T1,original,GrayLevelNonUniformity,767.3030571555162
HGG_Patient1,T1,original,GrayLevelVariance,3.1143941194911946
HGG_Patient1,T1,original,HighGrayLevelEmphasis,51.43752769162605
HGG_Patient1,T1,original,LargeDependenceEmphasis,85.12671688081524
HGG_Patient1,T1,original,LargeDependenceHighGrayLevelEmphasis,3751.1065573770493
HGG_Patient1,T1,original,LargeDependenceLowGrayLevelEmphasis,2.4652565054062774
HGG_Patient1,T1,original,LowGrayLevelEmphasis,0.026867264498246904
HGG_Patient1,T1,original,SmallDependenceEmphasis,0.0744816443592476
HGG_Patient1,T1,original,SmallDependenceHighGrayLevelEmphasis,5.1255509487406155
HGG_Patient1,T1,original,SmallDependenceLowGrayLevelEmphasis,0.0018770707419896795
HGG_Patient1,T1,original,GrayLevelNonUniformity,525.4696109918797
HGG_Patient1,T1,original,GrayLevelNonUniformityNormalized,0.16074564526064244
HGG_Patient1,T1,original,GrayLevelVariance,3.3344422104327758
HGG_Patient1,T1,original,HighGrayLevelRunEmphasis,53.54474748112305
HGG_Patient1,T1,original,LongRunEmphasis,2.5454307345419704
HGG_Patient1,T1,original,LongRunHighGrayLevelEmphasis,123.58834859546472
HGG_Patient1,T1,original,LongRunLowGrayLevelEmphasis,0.07016032457869002
HGG_Patient1,T1,original,LowGrayLevelRunEmphasis,0.02624900875317681
HGG_Patient1,T1,original,RunEntropy,4.033127818599345
HGG_Patient1,T1,original,RunLengthNonUniformity,1904.5526725438629
HGG_Patient1,T1,original,RunLengthNonUniformityNormalized,0.5770860877355279
HGG_Patient1,T1,original,RunPercentage,0.7237653795030844
HGG_Patient1,T1,original,RunVariance,0.5927652775648045
HGG_Patient1,T1,original,ShortRunEmphasis,0.7852393772216966
HGG_Patient1,T1,original,ShortRunHighGrayLevelEmphasis,43.45932736459947
HGG_Patient1,T1,original,ShortRunLowGrayLevelEmphasis,0.020147437153553164
HGG_Patient1,T1,original,GrayLevelNonUniformity,51.53521126760563
HGG_Patient1,T1,original,GrayLevelNonUniformityNormalized,0.1451696092045229
HGG_Patient1,T1,original,GrayLevelVariance,5.064026978774052
HGG_Patient1,T1,original,HighGrayLevelZoneEmphasis,72.07323943661972
HGG_Patient1,T1,original,LargeAreaEmphasis,3395.2957746478874
HGG_Patient1,T1,original,LargeAreaHighGrayLevelEmphasis,144337.51830985915
HGG_Patient1,T1,original,LargeAreaLowGrayLevelEmphasis,88.95158082744811
HGG_Patient1,T1,original,LowGrayLevelZoneEmphasis,0.02550934770840276
HGG_Patient1,T1,original,SizeZoneNonUniformity,105.05633802816901
HGG_Patient1,T1,original,SizeZoneNonUniformityNormalized,0.29593334655822257
HGG_Patient1,T1,original,SmallAreaEmphasis,0.5645641062890262
HGG_Patient1,T1,original,SmallAreaHighGrayLevelEmphasis,41.878042133263534
HGG_Patient1,T1,original,SmallAreaLowGrayLevelEmphasis,0.015121049000802737
HGG_Patient1,T1,original,ZoneEntropy,5.561262919505251
HGG_Patient1,T1,original,ZonePercentage,0.07864421798848029
HGG_Patient1,T1,original,ZoneVariance,3233.612013489387
HGG_Patient1,T1,original,Busyness,2.6176284974486084
HGG_Patient1,T1,original,Coarseness,0.003215755343778347
HGG_Patient1,T1,original,Complexity,38.23986552430849
HGG_Patient1,T1,original,Contrast,0.015349542350570481
HGG_Patient1,T1,original,Strength,0.27197751179416935
HGG_Patient1,T1CE,original,Elongation,0.3323803674167271
HGG_Patient1,T1CE,original,Flatness,0.17979012477577555
HGG_Patient1,T1CE,original,LeastAxisLength,15.539236626169968
HGG_Patient1,T1CE,original,MajorAxisLength,86.4298672997177
HGG_Patient1,T1CE,original,Maximum2DDiameterColumn,44.204072210600685
HGG_Patient1,T1CE,original,Maximum2DDiameterRow,66.75327707311455
HGG_Patient1,T1CE,original,Maximum2DDiameterSlice,62.64982043070834
HGG_Patient1,T1CE,original,Maximum3DDiameter,80.77747210701756
HGG_Patient1,T1CE,original,MeshVolume,4015.5416666666665
HGG_Patient1,T1CE,original,MinorAxisLength,28.727591048859136
HGG_Patient1,T1CE,original,Sphericity,0.23257490052796545
HGG_Patient1,T1CE,original,SurfaceArea,5253.120604289723
HGG_Patient1,T1CE,original,SurfaceVolumeRatio,1.3081972596365512
HGG_Patient1,T1CE,original,VoxelVolume,4514.0
HGG_Patient1,T1CE,original,10Percentile,207.0
HGG_Patient1,T1CE,original,90Percentile,448.0
HGG_Patient1,T1CE,original,Energy,536865779.0
HGG_Patient1,T1CE,original,Entropy,3.834394060043503
HGG_Patient1,T1CE,original,InterquartileRange,136.0
HGG_Patient1,T1CE,original,Kurtosis,2.9065051541336633
HGG_Patient1,T1CE,original,Maximum,861.0
HGG_Patient1,T1CE,original,MeanAbsoluteDeviation,74.53751367527087
HGG_Patient1,T1CE,original,Mean,332.7281789986708
HGG_Patient1,T1CE,original,Median,337.0
HGG_Patient1,T1CE,original,Minimum,130.0
HGG_Patient1,T1CE,original,Range,731.0
HGG_Patient1,T1CE,original,RobustMeanAbsoluteDeviation,55.5565717414822
HGG_Patient1,T1CE,original,RootMeanSquared,344.86735296151136
HGG_Patient1,T1CE,original,Skewness,0.17893789226262183
HGG_Patient1,T1CE,original,TotalEnergy,536865779.0
HGG_Patient1,T1CE,original,Uniformity,0.07708769585844187
HGG_Patient1,T1CE,original,Variance,8225.450038908146
HGG_Patient1,T1CE,original,Autocorrelation,66.07208722055671
HGG_Patient1,T1CE,original,ClusterProminence,3456.4855384569164
HGG_Patient1,T1CE,original,ClusterShade,48.07146859494875
HGG_Patient1,T1CE,original,ClusterTendency,36.41354378007152
HGG_Patient1,T1CE,original,Contrast,10.89430321656356
HGG_Patient1,T1CE,original,Correlation,0.5400233798228801
HGG_Patient1,T1CE,original,DifferenceAverage,2.454944972529422
HGG_Patient1,T1CE,original,DifferenceEntropy,2.88467392421905
HGG_Patient1,T1CE,original,DifferenceVariance,4.799598181056026
HGG_Patient1,T1CE,original,Id,0.4303194049632054
HGG_Patient1,T1CE,original,Idm,0.3540002907722272
HGG_Patient1,T1CE,original,Idmn,0.9884481123850785
HGG_Patient1,T1CE,original,Idn,0.9283232979083345
HGG_Patient1,T1CE,original,Imc1,-0.0942295644333593
HGG_Patient1,T1CE,original,Imc2,0.6994046083575822
HGG_Patient1,T1CE,original,InverseVariance,0.3336582136091497
HGG_Patient1,T1CE,original,JointAverage,7.725689363509897
HGG_Patient1,T1CE,original,JointEnergy,0.009885530656790022
HGG_Patient1,T1CE,original,JointEntropy,7.099651894636082
HGG_Patient1,T1CE,original,MCC,0.6887494006300929
HGG_Patient1,T1CE,original,MaximumProbability,0.03131736771562864
HGG_Patient1,T1CE,original,SumAverage,15.451378727019792
HGG_Patient1,T1CE,original,SumEntropy,4.5449008872384065
HGG_Patient1,T1CE,original,SumSquares,11.826961749158768
HGG_Patient1,T1CE,original,DependenceEntropy,6.51619533482941
HGG_Patient1,T1CE,original,DependenceNonUniformity,713.1125387682765
HGG_Patient1,T1CE,original,DependenceNonUniformityNormalized,0.1579779660541153
HGG_Patient1,T1CE,original,DependenceVariance,9.08939980750087
HGG_Patient1,T1CE,original,GrayLevelNonUniformity,347.9738591050066
HGG_Patient1,T1CE,original,GrayLevelVariance,13.215488504331232
HGG_Patient1,T1CE,original,HighGrayLevelEmphasis,91.22108994240142
HGG_Patient1,T1CE,original,LargeDependenceEmphasis,22.541426672574215
HGG_Patient1,T1CE,original,LargeDependenceHighGrayLevelEmphasis,960.8657509968986
HGG_Patient1,T1CE,original,LargeDependenceLowGrayLevelEmphasis,1.35438821494547
HGG_Patient1,T1CE,original,LowGrayLevelEmphasis,0.02908513658119395
HGG_Patient1,T1CE,original,SmallDependenceEmphasis,0.29005383496640846
HGG_Patient1,T1CE,original,SmallDependenceHighGrayLevelEmphasis,36.49489701596362
HGG_Patient1,T1CE,original,SmallDependenceLowGrayLevelEmphasis,0.005671059941662203
HGG_Patient1,T1CE,original,GrayLevelNonUniformity,314.47226859593013
HGG_Patient1,T1CE,original,GrayLevelNonUniformityNormalized,0.07763730071873545
HGG_Patient1,T1CE,original,GrayLevelVariance,12.90673609489253
HGG_Patient1,T1CE,original,HighGrayLevelRunEmphasis,95.19450512655239
HGG_Patient1,T1CE,original,LongRunEmphasis,1.399245073093116
HGG_Patient1,T1CE,original,LongRunHighGrayLevelEmphasis,116.26780776690354
HGG_Patient1,T1CE,original,LongRunLowGrayLevelEmphasis,0.04722310589727212
HGG_Patient1,T1CE,original,LowGrayLevelRunEmphasis,0.027033223518739987
HGG_Patient1,T1CE,original,RunEntropy,4.317090379411176
HGG_Patient1,T1CE,original,RunLengthNonUniformity,3350.7055425201474
HGG_Patient1,T1CE,original,RunLengthNonUniformityNormalized,0.8265160904744325
HGG_Patient1,T1CE,original,RunPercentage,0.8973961351010531
HGG_Patient1,T1CE,original,RunVariance,0.1555255040758104
HGG_Patient1,T1CE,original,ShortRunEmphasis,0.9266853873561188
HGG_Patient1,T1CE,original,ShortRunHighGrayLevelEmphasis,90.7201873904832
HGG_Patient1,T1CE,original,ShortRunLowGrayLevelEmphasis,0.02388697572828313
HGG_Patient1,T1CE,original,GrayLevelNonUniformity,124.80990099009901
HGG_Patient1,T1CE,original,GrayLevelNonUniformityNormalized,0.08238277293075842
HGG_Patient1,T1CE,original,GrayLevelVariance,12.94051171453779
HGG_Patient1,T1CE,original,HighGrayLevelZoneEmphasis,126.05742574257425
HGG_Patient1,T1CE,original,LargeAreaEmphasis,88.09372937293729
HGG_Patient1,T1CE,original,LargeAreaHighGrayLevelEmphasis,3110.801320132013
HGG_Patient1,T1CE,original,LargeAreaLowGrayLevelEmphasis,5.476655354421939
HGG_Patient1,T1CE,original,LowGrayLevelZoneEmphasis,0.020117996151990558
HGG_Patient1,T1CE,original,SizeZoneNonUniformity,582.8389438943894
HGG_Patient1,T1CE,original,SizeZoneNonUniformityNormalized,0.3847121741877158
HGG_Patient1,T1CE,original,SmallAreaEmphasis,0.6443281813277096
HGG_Patient1,T1CE,original,SmallAreaHighGrayLevelEmphasis,88.34690228881992
HGG_Patient1,T1CE,original,SmallAreaLowGrayLevelEmphasis,0.011571316154591027
HGG_Patient1,T1CE,original,ZoneEntropy,5.815391985494416
HGG_Patient1,T1CE,original,ZonePercentage,0.3356225077536553
HGG_Patient1,T1CE,original,ZoneVariance,79.21608295483014
HGG_Patient1,T1CE,original,Busyness,1.7945596661175123
HGG_Patient1,T1CE,original,Coarseness,0.0019284697874354774
HGG_Patient1,T1CE,original,Complexity,608.3652829800892
HGG_Patient1,T1CE,original,Contrast,0.06325635514517271
HGG_Patient1,T1CE,original,Strength,0.7473583455368396
HGG_Patient1,T2,original,Elongation,0.3323803674167271
HGG_Patient1,T2,original,Flatness,0.17979012477577555
HGG_Patient1,T2,original,LeastAxisLength,15.539236626169968
HGG_Patient1,T2,original,MajorAxisLength,86.4298672997177
HGG_Patient1,T2,original,Maximum2DDiameterColumn,44.204072210600685
HGG_Patient1,T2,original,Maximum2DDiameterRow,66.75327707311455
HGG_Patient1,T2,original,Maximum2DDiameterSlice,62.64982043070834
HGG_Patient1,T2,original,Maximum3DDiameter,80.77747210701756
HGG_Patient1,T2,original,MeshVolume,4015.5416666666665
HGG_Patient1,T2,original,MinorAxisLength,28.727591048859136
HGG_Patient1,T2,original,Sphericity,0.23257490052796545
HGG_Patient1,T2,original,SurfaceArea,5253.120604289723
HGG_Patient1,T2,original,SurfaceVolumeRatio,1.3081972596365512
HGG_Patient1,T2,original,VoxelVolume,4514.0
HGG_Patient1,T2,original,10Percentile,561.0
HGG_Patient1,T2,original,90Percentile,803.0
HGG_Patient1,T2,original,Energy,2100524180.0
HGG_Patient1,T2,original,Entropy,3.9650986142823976
HGG_Patient1,T2,original,InterquartileRange,119.0
HGG_Patient1,T2,original,Kurtosis,3.3403913320345207
HGG_Patient1,T2,original,Maximum,1035.0
HGG_Patient1,T2,original,MeanAbsoluteDeviation,74.5012064077122
HGG_Patient1,T2,original,Mean,675.4373061586176
HGG_Patient1,T2,original,Median,668.0
HGG_Patient1,T2,original,Minimum,379.0
HGG_Patient1,T2,original,Range,656.0
HGG_Patient1,T2,original,RobustMeanAbsoluteDeviation,50.26579289971453
HGG_Patient1,T2,original,RootMeanSquared,682.1549976733197
HGG_Patient1,T2,original,Skewness,0.3159424500494958
HGG_Patient1,T2,original,TotalEnergy,2100524180.0
HGG_Patient1,T2,original,Uniformity,0.07718261053240753
HGG_Patient1,T2,original,Variance,9119.886299876582
HGG_Patient1,T2,original,Autocorrelation,195.69035726096823
HGG_Patient1,T2,original,ClusterProminence,7975.842337917439
HGG_Patient1,T2,original,ClusterShade,128.72210172168246
HGG_Patient1,T2,original,ClusterTendency,51.24690699361838
HGG_Patient1,T2,original,Contrast,5.258088865517061
HGG_Patient1,T2,original,Correlation,0.8143389659216731
HGG_Patient1,T2,original,DifferenceAverage,1.7088484378418025
HGG_Patient1,T2,original,DifferenceEntropy,2.3890166103620203
HGG_Patient1,T2,original,DifferenceVariance,2.2603296780955455
HGG_Patient1,T2,original,Id,0.4970191985377032
HGG_Patient1,T2,original,Idm,0.4345438095573209
HGG_Patient1,T2,original,Idmn,0.9929941288370827
HGG_Patient1,T2,original,Idn,0.9429824014305197
HGG_Patient1,T2,original,Imc1,-0.22969986362911407
HGG_Patient1,T2,original,Imc2,0.9055212569208023
HGG_Patient1,T2,original,InverseVariance,0.415149155082478
HGG_Patient1,T2,original,JointAverage,13.571118207873486
HGG_Patient1,T2,original,JointEnergy,0.011969048130986898
HGG_Patient1,T2,original,JointEntropy,6.948746572036247
HGG_Patient1,T2,original,MCC,0.8351726392973049
HGG_Patient1,T2,original,MaximumProbability,0.028367192975946646
HGG_Patient1,T2,original,SumAverage,27.142236415746957
HGG_Patient1,T2,original,SumEntropy,4.848660379801114
HGG_Patient1,T2,original,SumSquares,14.126248964783857
HGG_Patient1,T2,original,DependenceEntropy,6.971860931046705
HGG_Patient1,T2,original,DependenceNonUniformity,585.4195835179441
HGG_Patient1,T2,original,DependenceNonUniformityNormalized,0.12968976152369166
HGG_Patient1,T2,original,DependenceVariance,5.90729201858875
HGG_Patient1,T2,original,GrayLevelNonUniformity,348.40230394328756
HGG_Patient1,T2,original,GrayLevelVariance,14.780071412740632
HGG_Patient1,T2,original,HighGrayLevelEmphasis,172.03411608329642
HGG_Patient1,T2,original,LargeDependenceEmphasis,24.71067789100576
HGG_Patient1,T2,original,LargeDependenceHighGrayLevelEmphasis,4319.198936641559
HGG_Patient1,T2,original,LargeDependenceLowGrayLevelEmphasis,0.19372442087655048
HGG_Patient1,T2,original,LowGrayLevelEmphasis,0.010646749555957716
HGG_Patient1,T2,original,SmallDependenceEmphasis,0.1682869579474582
HGG_Patient1,T2,original,SmallDependenceHighGrayLevelEmphasis,24.60063636410963
HGG_Patient1,T2,original,SmallDependenceLowGrayLevelEmphasis,0.0031326003238872618
HGG_Patient1,T2,original,GrayLevelNonUniformity,298.4991314722191
HGG_Patient1,T2,original,GrayLevelNonUniformityNormalized,0.07584811061507377
HGG_Patient1,T2,original,GrayLevelVariance,15.247192923295332
HGG_Patient1,T2,original,HighGrayLevelRunEmphasis,171.27416763811596
HGG_Patient1,T2,original,LongRunEmphasis,1.5005934892305897
HGG_Patient1,T2,original,LongRunHighGrayLevelEmphasis,259.5576277979041
HGG_Patient1,T2,original,LongRunLowGrayLevelEmphasis,0.015056138132277689
HGG_Patient1,T2,original,LowGrayLevelRunEmphasis,0.011033716004828333
HGG_Patient1,T2,original,RunEntropy,4.599811264493019
HGG_Patient1,T2,original,RunLengthNonUniformity,3061.27359370263
HGG_Patient1,T2,original,RunLengthNonUniformityNormalized,0.7762183057782112
HGG_Patient1,T2,original,RunPercentage,0.871681265123888
HGG_Patient1,T2,original,RunVariance,0.17855670972382967
HGG_Patient1,T2,original,ShortRunEmphasis,0.9023519042117623
HGG_Patient1,T2,original,ShortRunHighGrayLevelEmphasis,153.8760590895656
HGG_Patient1,T2,original,ShortRunLowGrayLevelEmphasis,0.010247889481777765
HGG_Patient1,T2,original,GrayLevelNonUniformity,59.44522144522144
HGG_Patient1,T2,original,GrayLevelNonUniformityNormalized,0.06928347487788047
HGG_Patient1,T2,original,GrayLevelVariance,19.397271531886915
HGG_Patient1,T2,original,HighGrayLevelZoneEmphasis,140.1153846153846
HGG_Patient1,T2,original,LargeAreaEmphasis,185.66899766899766
HGG_Patient1,T2,original,LargeAreaHighGrayLevelEmphasis,33130.21445221445
HGG_Patient1,T2,original,LargeAreaLowGrayLevelEmphasis,1.2638348867419182
HGG_Patient1,T2,original,LowGrayLevelZoneEmphasis,0.01944844118295666
HGG_Patient1,T2,original,SizeZoneNonUniformity,227.62470862470863
HGG_Patient1,T2,original,SizeZoneNonUniformityNormalized,0.2652968631989611
HGG_Patient1,T2,original,SmallAreaEmphasis,0.5273963405995437
HGG_Patient1,T2,original,SmallAreaHighGrayLevelEmphasis,66.866333800953
HGG_Patient1,T2,original,SmallAreaLowGrayLevelEmphasis,0.012607884512925532
HGG_Patient1,T2,original,ZoneEntropy,6.5498084178165445
HGG_Patient1,T2,original,ZonePercentage,0.19007532122286222
HGG_Patient1,T2,original,ZoneVariance,157.9901163327737
HGG_Patient1,T2,original,Busyness,0.8214610147922263
HGG_Patient1,T2,original,Coarseness,0.0032222296374627246
HGG_Patient1,T2,original,Complexity,299.40868955345934
HGG_Patient1,T2,original,Contrast,0.041039002979075305
HGG_Patient1,T2,original,Strength,0.9522340307668471
HGG_Patient2,Flair,original,Elongation,0.9010504862555435
HGG_Patient2,Flair,original,Flatness,0.5167008900744385
HGG_Patient2,Flair,original,LeastAxisLength,18.348919627625524
HGG_Patient2,Flair,original,MajorAxisLength,35.5116857355947
HGG_Patient2,Flair,original,Maximum2DDiameterColumn,43.08131845707603
HGG_Patient2,Flair,original,Maximum2DDiameterRow,45.34313619501854
HGG_Patient2,Flair,original,Maximum2DDiameterSlice,43.41658669218482
HGG_Patient2,Flair,original,Maximum3DDiameter,50.33885179461288
HGG_Patient2,Flair,original,MeshVolume,10210.208333333334
HGG_Patient2,Flair,original,MinorAxisLength,31.997821699811656
HGG_Patient2,Flair,original,Sphericity,0.3242899475396682
HGG_Patient2,Flair,original,SurfaceArea,7018.436481991044
HGG_Patient2,Flair,original,SurfaceVolumeRatio,0.6873940523895001
HGG_Patient2,Flair,original,VoxelVolume,10430.0
HGG_Patient2,Flair,original,10Percentile,191.0
HGG_Patient2,Flair,original,90Percentile,231.0
HGG_Patient2,Flair,original,Energy,464066816.0
HGG_Patient2,Flair,original,Entropy,1.5015447029603686
HGG_Patient2,Flair,original,InterquartileRange,22.0
HGG_Patient2,Flair,original,Kurtosis,13.432894458032084
HGG_Patient2,Flair,original,Maximum,252.0
HGG_Patient2,Flair,original,MeanAbsoluteDeviation,12.711582030226621
HGG_Patient2,Flair,original,Mean,210.27900287631832
HGG_Patient2,Flair,original,Median,210.0
HGG_Patient2,Flair,original,Minimum,37.0
HGG_Patient2,Flair,original,Range,215.0
HGG_Patient2,Flair,original,RobustMeanAbsoluteDeviation,9.07358299453351
HGG_Patient2,Flair,original,RootMeanSquared,210.9347356500091
HGG_Patient2,Flair,original,Skewness,-1.3425960159005768
HGG_Patient2,Flair,original,TotalEnergy,464066816.0
HGG_Patient2,Flair,original,Uniformity,0.4064595362040136
HGG_Patient2,Flair,original,Variance,276.20365308052857
HGG_Patient2,Flair,original,Autocorrelation,64.14431443108171
HGG_Patient2,Flair,original,ClusterProminence,9.760827409626327
HGG_Patient2,Flair,original,ClusterShade,-0.42666591513504926
HGG_Patient2,Flair,original,ClusterTendency,1.625214426624766
HGG_Patient2,Flair,original,Contrast,0.20751591422045773
HGG_Patient2,Flair,original,Correlation,0.7730016707243765
HGG_Patient2,Flair,original,DifferenceAverage,0.1948382998432082
HGG_Patient2,Flair,original,DifferenceEntropy,0.7153392340063331
HGG_Patient2,Flair,original,DifferenceVariance,0.1674723671694081
HGG_Patient2,Flair,original,Id,0.9040394116444082
HGG_Patient2,Flair,original,Idm,0.9036989589590815
HGG_Patient2,Flair,original,Idmn,0.9979661342592778
HGG_Patient2,Flair,original,Idn,0.9823719332948091
HGG_Patient2,Flair,original,Imc1,-0.44675824401105485
HGG_Patient2,Flair,original,Imc2,0.8474484426005287
HGG_Patient2,Flair,original,InverseVariance,0.18888770370100524
HGG_Patient2,Flair,original,JointAverage,7.986854521646937
HGG_Patient2,Flair,original,JointEnergy,0.29123671928672507
HGG_Patient2,Flair,original,JointEntropy,2.26693357381536
HGG_Patient2,Flair,original,MCC,0.7967775311416089
HGG_Patient2,Flair,original,MaximumProbability,0.4760244520287834
HGG_Patient2,Flair,original,SumAverage,15.973709043293875
HGG_Patient2,Flair,original,SumEntropy,2.0578442957766905
HGG_Patient2,Flair,original,SumSquares,0.45818258521130595
HGG_Patient2,Flair,original,DependenceEntropy,6.000101241261472
HGG_Patient2,Flair,original,DependenceNonUniformity,487.2352828379674
HGG_Patient2,Flair,original,DependenceNonUniformityNormalized,0.04671479221840531
HGG_Patient2,Flair,original,DependenceVariance,46.05711928769526
HGG_Patient2,Flair,original,GrayLevelNonUniformity,4239.372962607862
HGG_Patient2,Flair,original,GrayLevelVariance,0.5298572136390254
HGG_Patient2,Flair,original,HighGrayLevelEmphasis,63.65234899328859
HGG_Patient2,Flair,original,LargeDependenceEmphasis,354.1790987535954
HGG_Patient2,Flair,original,LargeDependenceHighGrayLevelEmphasis,22870.73058485139
HGG_Patient2,Flair,original,LargeDependenceLowGrayLevelEmphasis,5.627064248781967
HGG_Patient2,Flair,original,LowGrayLevelEmphasis,0.016786319421948675
HGG_Patient2,Flair,original,SmallDependenceEmphasis,0.020028384367373205
HGG_Patient2,Flair,original,SmallDependenceHighGrayLevelEmphasis,1.1048624432788077
HGG_Patient2,Flair,original,SmallDependenceLowGrayLevelEmphasis,0.0007465456450833653
HGG_Patient2,Flair,original,GrayLevelNonUniformity,1409.7510196314356
HGG_Patient2,Flair,original,GrayLevelNonUniformityNormalized,0.37184713074297365
HGG_Patient2,Flair,original,GrayLevelVariance,0.719571959754194
HGG_Patient2,Flair,original,HighGrayLevelRunEmphasis,62.46370799544433
HGG_Patient2,Flair,original,LongRunEmphasis,15.07313595219095
HGG_Patient2,Flair,original,LongRunHighGrayLevelEmphasis,972.7295120397732
HGG_Patient2,Flair,original,LongRunLowGrayLevelEmphasis,0.24123164669975936
HGG_Patient2,Flair,original,LowGrayLevelRunEmphasis,0.018244952472254782
HGG_Patient2,Flair,original,RunEntropy,4.178733264615657
HGG_Patient2,Flair,original,RunLengthNonUniformity,946.7773641204593
HGG_Patient2,Flair,original,RunLengthNonUniformityNormalized,0.24368604886830078
HGG_Patient2,Flair,original,RunPercentage,0.3633306291024411
HGG_Patient2,Flair,original,RunVariance,6.659064666298079
HGG_Patient2,Flair,original,ShortRunEmphasis,0.4894822051666604
HGG_Patient2,Flair,original,ShortRunHighGrayLevelEmphasis,29.93678001181091
HGG_Patient2,Flair,original,ShortRunLowGrayLevelEmphasis,0.009957622731672545
HGG_Patient2,Flair,original,GrayLevelNonUniformity,39.62765957446808
HGG_Patient2,Flair,original,GrayLevelNonUniformityNormalized,0.21078542326844726
HGG_Patient2,Flair,original,GrayLevelVariance,3.383516296966953
HGG_Patient2,Flair,original,HighGrayLevelZoneEmphasis,53.3563829787234
HGG_Patient2,Flair,original,LargeAreaEmphasis,221115.89361702127
HGG_Patient2,Flair,original,LargeAreaHighGrayLevelEmphasis,14088129.159574468
HGG_Patient2,Flair,original,LargeAreaLowGrayLevelEmphasis,3518.2106447080905
HGG_Patient2,Flair,original,LowGrayLevelZoneEmphasis,0.04412984204714194
HGG_Patient2,Flair,original,SizeZoneNonUniformity,66.42553191489361
HGG_Patient2,Flair,original,SizeZoneNonUniformityNormalized,0.3533272974196469
HGG_Patient2,Flair,original,SmallAreaEmphasis,0.6171906240981792
HGG_Patient2,Flair,original,SmallAreaHighGrayLevelEmphasis,30.743618343090887
HGG_Patient2,Flair,original,SmallAreaLowGrayLevelEmphasis,0.031138488696068393
HGG_Patient2,Flair,original,ZoneEntropy,4.603721216262004
HGG_Patient2,Flair,original,ZonePercentage,0.018024928092042185
HGG_Patient2,Flair,original,ZoneVariance,218038.00486645545
HGG_Patient2,Flair,original,Busyness,5.920966277015515
HGG_Patient2,Flair,original,Coarseness,0.0013829772148673536
HGG_Patient2,Flair,original,Complexity,11.105946371936112
HGG_Patient2,Flair,original,Contrast,0.0022344938936872502
HGG_Patient2,Flair,original,Strength,0.1491186844048439
HGG_Patient2,T1,original,Elongation,0.9010504862555435
HGG_Patient2,T1,original,Flatness,0.5167008900744385
HGG_Patient2,T1,original,LeastAxisLength,18.348919627625524
HGG_Patient2,T1,original,MajorAxisLength,35.5116857355947
HGG_Patient2,T1,original,Maximum2DDiameterColumn,43.08131845707603
HGG_Patient2,T1,original,Maximum2DDiameterRow,45.34313619501854
HGG_Patient2,T1,original,Maximum2DDiameterSlice,43.41658669218482
HGG_Patient2,T1,original,Maximum3DDiameter,50.33885179461288
HGG_Patient2,T1,original,MeshVolume,10210.208333333334
HGG_Patient2,T1,original,MinorAxisLength,31.997821699811656
HGG_Patient2,T1,original,Sphericity,0.3242899475396682
HGG_Patient2,T1,original,SurfaceArea,7018.436481991044
HGG_Patient2,T1,original,SurfaceVolumeRatio,0.6873940523895001
HGG_Patient2,T1,original,VoxelVolume,10430.0
HGG_Patient2,T1,original,10Percentile,263.0
HGG_Patient2,T1,original,90Percentile,337.0
HGG_Patient2,T1,original,Energy,949932055.0
HGG_Patient2,T1,original,Entropy,2.267384904695971
HGG_Patient2,T1,original,InterquartileRange,42.0
HGG_Patient2,T1,original,Kurtosis,7.657680062626287
HGG_Patient2,T1,original,Maximum,404.0
HGG_Patient2,T1,original,MeanAbsoluteDeviation,23.462556347434244
HGG_Patient2,T1,original,Mean,300.34141898370086
HGG_Patient2,T1,original,Median,300.0
HGG_Patient2,T1,original,Minimum,0.0
HGG_Patient2,T1,original,Range,404.0
HGG_Patient2,T1,original,RobustMeanAbsoluteDeviation,17.447529176252576
HGG_Patient2,T1,original,RootMeanSquared,301.7894942662396
HGG_Patient2,T1,original,Skewness,-0.5720748800729625
HGG_Patient2,T1,original,TotalEnergy,949932055.0
HGG_Patient2,T1,original,Uniformity,0.23479620792959313
HGG_Patient2,T1,original,Variance,871.930892329726
HGG_Patient2,T1,original,Autocorrelation,160.55436987629326
HGG_Patient2,T1,original,ClusterProminence,76.11478878176204
HGG_Patient2,T1,original,ClusterShade,-0.3169169794492298
HGG_Patient2,T1,original,ClusterTendency,4.92831081377266
HGG_Patient2,T1,original,Contrast,0.4939209720972212
HGG_Patient2,T1,original,Correlation,0.8178269441109437
HGG_Patient2,T1,original,DifferenceAverage,0.40329214569382976
HGG_Patient2,T1,original,DifferenceEntropy,1.0673347440814778
HGG_Patient2,T1,original,DifferenceVariance,0.3249478494564514
HGG_Patient2,T1,original,Id,0.8082220661102488
HGG_Patient2,T1,original,Idm,0.8056117929048203
HGG_Patient2,T1,original,Idmn,0.9983288682201995
HGG_Patient2,T1,original,Idn,0.9778297111041039
HGG_Patient2,T1,original,Imc1,-0.39489499548789914
HGG_Patient2,T1,original,Imc2,0.9041927505236645
HGG_Patient2,T1,original,InverseVariance,0.3610176162400546
HGG_Patient2,T1,original,JointAverage,12.627177319148302
HGG_Patient2,T1,original,JointEnergy,0.11296113808535435
HGG_Patient2,T1,original,JointEntropy,3.5655258123501863
HGG_Patient2,T1,original,MCC,0.8606518782019738
HGG_Patient2,T1,original,MaximumProbability,0.18795747535370833
HGG_Patient2,T1,original,SumAverage,25.254354638296604
HGG_Patient2,T1,original,SumEntropy,3.0722890266837117
HGG_Patient2,T1,original,SumSquares,1.3555579464674699
HGG_Patient2,T1,original,DependenceEntropy,6.729501243747526
HGG_Patient2,T1,original,DependenceNonUniformity,482.1000958772771
HGG_Patient2,T1,original,DependenceNonUniformityNormalized,0.046222444475290225
HGG_Patient2,T1,original,DependenceVariance,34.976126797009506
HGG_Patient2,T1,original,GrayLevelNonUniformity,2448.9244487056567
HGG_Patient2,T1,original,GrayLevelVariance,1.485703631662115
HGG_Patient2,T1,original,HighGrayLevelEmphasis,158.57094918504313
HGG_Patient2,T1,original,LargeDependenceEmphasis,225.1463087248322
HGG_Patient2,T1,original,LargeDependenceHighGrayLevelEmphasis,35650.919942473636
HGG_Patient2,T1,original,LargeDependenceLowGrayLevelEmphasis,1.4682911396457667
HGG_Patient2,T1,original,LowGrayLevelEmphasis,0.0068675819087547114
HGG_Patient2,T1,original,SmallDependenceEmphasis,0.026073272657172138
HGG_Patient2,T1,original,SmallDependenceHighGrayLevelEmphasis,3.5448978275153107
HGG_Patient2,T1,original,SmallDependenceLowGrayLevelEmphasis,0.0005192759125612178
HGG_Patient2,T1,original,GrayLevelNonUniformity,1212.6158788200523
HGG_Patient2,T1,original,GrayLevelNonUniformityNormalized,0.22872989643156347
HGG_Patient2,T1,original,GrayLevelVariance,1.713716256153492
HGG_Patient2,T1,original,HighGrayLevelRunEmphasis,158.13877871336837
HGG_Patient2,T1,original,LongRunEmphasis,6.54662417128146
HGG_Patient2,T1,original,LongRunHighGrayLevelEmphasis,1037.8791418052197
HGG_Patient2,T1,original,LongRunLowGrayLevelEmphasis,0.0433377358788181
HGG_Patient2,T1,original,LowGrayLevelRunEmphasis,0.007247378874854712
HGG_Patient2,T1,original,RunEntropy,4.2884973694837125
HGG_Patient2,T1,original,RunLengthNonUniformity,1926.170251244182
HGG_Patient2,T1,original,RunLengthNonUniformityNormalized,0.35384035275932957
HGG_Patient2,T1,original,RunPercentage,0.5080684416254887
HGG_Patient2,T1,original,RunVariance,2.3258346744307317
HGG_Patient2,T1,original,ShortRunEmphasis,0.6010100483857905
HGG_Patient2,T1,original,ShortRunHighGrayLevelEmphasis,94.44664727838492
HGG_Patient2,T1,original,ShortRunLowGrayLevelEmphasis,0.004663736190450361
HGG_Patient2,T1,original,GrayLevelNonUniformity,36.411764705882355
HGG_Patient2,T1,original,GrayLevelNonUniformityNormalized,0.15299060800790903
HGG_Patient2,T1,original,GrayLevelVariance,5.986529906080079
HGG_Patient2,T1,original,HighGrayLevelZoneEmphasis,127.6344537815126
HGG_Patient2,T1,original,LargeAreaEmphasis,92852.86554621848
HGG_Patient2,T1,original,LargeAreaHighGrayLevelEmphasis,14800730.222689075
HGG_Patient2,T1,original,LargeAreaLowGrayLevelEmphasis,593.8506680698789
HGG_Patient2,T1,original,LowGrayLevelZoneEmphasis,0.022452422521736282
HGG_Patient2,T1,original,SizeZoneNonUniformity,67.01680672268908
HGG_Patient2,T1,original,SizeZoneNonUniformityNormalized,0.2815832215239037
HGG_Patient2,T1,original,SmallAreaEmphasis,0.5439007645427978
HGG_Patient2,T1,original,SmallAreaHighGrayLevelEmphasis,63.61430832123225
HGG_Patient2,T1,original,SmallAreaLowGrayLevelEmphasis,0.018505676075060633
HGG_Patient2,T1,original,ZoneEntropy,5.271096692217871
HGG_Patient2,T1,original,ZonePercentage,0.022818791946308724
HGG_Patient2,T1,original,ZoneVariance,90932.36381611467
HGG_Patient2,T1,original,Busyness,2.3592283965756087
HGG_Patient2,T1,original,Coarseness,0.0013944105932019333
HGG_Patient2,T1,original,Complexity,44.423655253210725
HGG_Patient2,T1,original,Contrast,0.0038907072122769185
HGG_Patient2,T1,original,Strength,0.3252694305236813
HGG_Patient2,T1CE,original,Elongation,0.9010504862555435
HGG_Patient2,T1CE,original,Flatness,0.5167008900744385
HGG_Patient2,T1CE,original,LeastAxisLength,18.348919627625524
HGG_Patient2,T1CE,original,MajorAxisLength,35.5116857355947
HGG_Patient2,T1CE,original,Maximum2DDiameterColumn,43.08131845707603
HGG_Patient2,T1CE,original,Maximum2DDiameterRow,45.34313619501854
HGG_Patient2,T1CE,original,Maximum2DDiameterSlice,43.41658669218482
HGG_Patient2,T1CE,original,Maximum3DDiameter,50.33885179461288
HGG_Patient2,T1CE,original,MeshVolume,10210.208333333334
HGG_Patient2,T1CE,original,MinorAxisLength,31.997821699811656
HGG_Patient2,T1CE,original,Sphericity,0.3242899475396682
HGG_Patient2,T1CE,original,SurfaceArea,7018.436481991044
HGG_Patient2,T1CE,original,SurfaceVolumeRatio,0.6873940523895001
HGG_Patient2,T1CE,original,VoxelVolume,10430.0
HGG_Patient2,T1CE,original,10Percentile,36.0
HGG_Patient2,T1CE,original,90Percentile,60.0
HGG_Patient2,T1CE,original,Energy,24247965.0
HGG_Patient2,T1CE,original,Entropy,1.0251830707239769
HGG_Patient2,T1CE,original,InterquartileRange,13.0
HGG_Patient2,T1CE,original,Kurtosis,3.916865618338587
HGG_Patient2,T1CE,original,Maximum,101.0
HGG_Patient2,T1CE,original,MeanAbsoluteDeviation,7.5574121776092085
HGG_Patient2,T1CE,original,Mean,47.25723873441994
HGG_Patient2,T1CE,original,Median,46.0
HGG_Patient2,T1CE,original,Minimum,1.0
HGG_Patient2,T1CE,original,Range,100.0
HGG_Patient2,T1CE,original,RobustMeanAbsoluteDeviation,5.460584431506354
HGG_Patient2,T1CE,original,RootMeanSquared,48.21647912343251
HGG_Patient2,T1CE,original,Skewness,0.6903391809160747
HGG_Patient2,T1CE,original,TotalEnergy,24247965.0
HGG_Patient2,T1CE,original,Uniformity,0.5284078396909866
HGG_Patient2,T1CE,original,Variance,91.5822462584421
HGG_Patient2,T1CE,original,Autocorrelation,5.303917830327762
HGG_Patient2,T1CE,original,ClusterProminence,0.9827646338295288
HGG_Patient2,T1CE,original,ClusterShade,0.4545569670464908
HGG_Patient2,T1CE,original,ClusterTendency,0.6003726400303894
HGG_Patient2,T1CE,original,Contrast,0.2518356104659421
HGG_Patient2,T1CE,original,Correlation,0.4079419509788694
HGG_Patient2,T1CE,original,DifferenceAverage,0.24804243283382318
HGG_Patient2,T1CE,original,DifferenceEntropy,0.8181543736911312
HGG_Patient2,T1CE,original,DifferenceVariance,0.18956889479261124
HGG_Patient2,T1CE,original,Id,0.8766109798551083
HGG_Patient2,T1CE,original,Idm,0.8763581013463004
HGG_Patient2,T1CE,original,Idmn,0.9903441994194698
HGG_Patient2,T1CE,original,Idn,0.9587499082808418
HGG_Patient2,T1CE,original,Imc1,-0.13304090204427724
HGG_Patient2,T1CE,original,Imc2,0.45215375435210264
HGG_Patient2,T1CE,original,InverseVariance,0.24472340240571916
HGG_Patient2,T1CE,original,JointAverage,2.2840166462031672
HGG_Patient2,T1CE,original,JointEnergy,0.4100978190611097
HGG_Patient2,T1CE,original,JointEntropy,1.6752626573745688
HGG_Patient2,T1CE,original,MCC,0.4103913009559116
HGG_Patient2,T1CE,original,MaximumProbability,0.5972905276510866
HGG_Patient2,T1CE,original,SumAverage,4.568033292406334
HGG_Patient2,T1CE,original,SumEntropy,1.4132522159800749
HGG_Patient2,T1CE,original,SumSquares,0.21305206262408286
HGG_Patient2,T1CE,original,DependenceEntropy,5.160399583437179
HGG_Patient2,T1CE,original,DependenceNonUniformity,542.5603068072867
HGG_Patient2,T1CE,original,DependenceNonUniformityNormalized,0.0520192048712643
HGG_Patient2,T1CE,original,DependenceVariance,60.65376275567657
HGG_Patient2,T1CE,original,GrayLevelNonUniformity,5511.293767976989
HGG_Patient2,T1CE,original,GrayLevelVariance,0.2558359570124163
HGG_Patient2,T1CE,original,HighGrayLevelEmphasis,5.881783317353787
HGG_Patient2,T1CE,original,LargeDependenceEmphasis,330.1171620325983
HGG_Patient2,T1CE,original,LargeDependenceHighGrayLevelEmphasis,1537.201054650048
HGG_Patient2,T1CE,original,LargeDependenceLowGrayLevelEmphasis,76.51737693086184
HGG_Patient2,T1CE,original,LowGrayLevelEmphasis,0.20014299030574195
HGG_Patient2,T1CE,original,SmallDependenceEmphasis,0.026912655623689073
HGG_Patient2,T1CE,original,SmallDependenceHighGrayLevelEmphasis,0.24264627417340356
HGG_Patient2,T1CE,original,SmallDependenceLowGrayLevelEmphasis,0.004406291843473427
HGG_Patient2,T1CE,original,GrayLevelNonUniformity,2074.116681961877
HGG_Patient2,T1CE,original,GrayLevelNonUniformityNormalized,0.4888279299029564
HGG_Patient2,T1CE,original,GrayLevelVariance,0.29085338581098436
HGG_Patient2,T1CE,original,HighGrayLevelRunEmphasis,7.111775335429474
HGG_Patient2,T1CE,original,LongRunEmphasis,13.798669713945701
HGG_Patient2,T1CE,original,LongRunHighGrayLevelEmphasis,65.25310888355719
HGG_Patient2,T1CE,original,LongRunLowGrayLevelEmphasis,3.176677320413073
HGG_Patient2,T1CE,original,LowGrayLevelRunEmphasis,0.16939346401746255
HGG_Patient2,T1CE,original,RunEntropy,3.2167585278900863
HGG_Patient2,T1CE,original,RunLengthNonUniformity,1488.2881608498815
HGG_Patient2,T1CE,original,RunLengthNonUniformityNormalized,0.34651687812937737
HGG_Patient2,T1CE,original,RunPercentage,0.40710229367947487
HGG_Patient2,T1CE,original,RunVariance,7.5200773020788425
HGG_Patient2,T1CE,original,ShortRunEmphasis,0.6079923628709476
HGG_Patient2,T1CE,original,ShortRunHighGrayLevelEmphasis,4.779002384203935
HGG_Patient2,T1CE,original,ShortRunLowGrayLevelEmphasis,0.09251696695369557
HGG_Patient2,T1CE,original,GrayLevelNonUniformity,73.63478260869566
HGG_Patient2,T1CE,original,GrayLevelNonUniformityNormalized,0.32015122873345936
HGG_Patient2,T1CE,original,GrayLevelVariance,0.7338563327032136
HGG_Patient2,T1CE,original,HighGrayLevelZoneEmphasis,9.552173913043479
HGG_Patient2,T1CE,original,LargeAreaEmphasis,236160.59130434782
HGG_Patient2,T1CE,original,LargeAreaHighGrayLevelEmphasis,1212037.552173913
HGG_Patient2,T1CE,original,LargeAreaLowGrayLevelEmphasis,51612.721580917874
HGG_Patient2,T1CE,original,LowGrayLevelZoneEmphasis,0.17176207729468598
HGG_Patient2,T1CE,original,SizeZoneNonUniformity,94.22608695652174
HGG_Patient2,T1CE,original,SizeZoneNonUniformityNormalized,0.4096786389413989
HGG_Patient2,T1CE,original,SmallAreaEmphasis,0.6641656636479145
HGG_Patient2,T1CE,original,SmallAreaHighGrayLevelEmphasis,6.763916581479976
HGG_Patient2,T1CE,original,SmallAreaLowGrayLevelEmphasis,0.10933216205517751
HGG_Patient2,T1CE,original,ZoneEntropy,3.528431784056752
HGG_Patient2,T1CE,original,ZonePercentage,0.02205177372962608
HGG_Patient2,T1CE,original,ZoneVariance,234104.16597353498
HGG_Patient2,T1CE,original,Busyness,89.7009296609094
HGG_Patient2,T1CE,original,Coarseness,0.0007743425150240961
HGG_Patient2,T1CE,original,Complexity,3.114370217762174
HGG_Patient2,T1CE,original,Contrast,0.006850222080315327
HGG_Patient2,T1CE,original,Strength,0.009490159002901845
HGG_Patient2,T2,original,Elongation,0.9010504862555435
HGG_Patient2,T2,original,Flatness,0.5167008900744385
HGG_Patient2,T2,original,LeastAxisLength,18.348919627625524
HGG_Patient2,T2,original,MajorAxisLength,35.5116857355947
HGG_Patient2,T2,original,Maximum2DDiameterColumn,43.08131845707603
HGG_Patient2,T2,original,Maximum2DDiameterRow,45.34313619501854
HGG_Patient2,T2,original,Maximum2DDiameterSlice,43.41658669218482
HGG_Patient2,T2,original,Maximum3DDiameter,50.33885179461288
HGG_Patient2,T2,original,MeshVolume,10210.208333333334
HGG_Patient2,T2,original,MinorAxisLength,31.997821699811656
HGG_Patient2,T2,original,Sphericity,0.3242899475396682
HGG_Patient2,T2,original,SurfaceArea,7018.436481991044
HGG_Patient2,T2,original,SurfaceVolumeRatio,0.6873940523895001
HGG_Patient2,T2,original,VoxelVolume,10430.0
HGG_Patient2,T2,original,10Percentile,708.0
HGG_Patient2,T2,original,90Percentile,900.0
HGG_Patient2,T2,original,Energy,6818744028.0
HGG_Patient2,T2,original,Entropy,3.621887638445591
HGG_Patient2,T2,original,InterquartileRange,102.0
HGG_Patient2,T2,original,Kurtosis,7.869944081165853
HGG_Patient2,T2,original,Maximum,1009.0
HGG_Patient2,T2,original,MeanAbsoluteDeviation,60.75016337745405
HGG_Patient2,T2,original,Mean,804.7610738255033
HGG_Patient2,T2,original,Median,811.0
HGG_Patient2,T2,original,Minimum,16.0
HGG_Patient2,T2,original,Range,993.0
HGG_Patient2,T2,original,RobustMeanAbsoluteDeviation,42.5149127809193
HGG_Patient2,T2,original,RootMeanSquared,808.5558796684991
HGG_Patient2,T2,original,Skewness,-1.0226265428064558
HGG_Patient2,T2,original,TotalEnergy,6818744028.0
HGG_Patient2,T2,original,Uniformity,0.09466729297908073
HGG_Patient2,T2,original,Variance,6122.224601723216
HGG_Patient2,T2,original,Autocorrelation,1090.5195636482376
HGG_Patient2,T2,original,ClusterProminence,3335.370267193061
HGG_Patient2,T2,original,ClusterShade,-81.08930051882679
HGG_Patient2,T2,original,ClusterTendency,31.188488042343447
HGG_Patient2,T2,original,Contrast,4.231935919357788
HGG_Patient2,T2,original,Correlation,0.7609980598495183
HGG_Patient2,T2,original,DifferenceAverage,1.5148287686095658
HGG_Patient2,T2,original,DifferenceEntropy,2.2325133978706497
HGG_Patient2,T2,original,DifferenceVariance,1.8543616278031878
HGG_Patient2,T2,original,Id,0.5241777667073667
HGG_Patient2,T2,original,Idm,0.46780725310667925
HGG_Patient2,T2,original,Idmn,0.9975280486167625
HGG_Patient2,T2,original,Idn,0.9653447882633542
HGG_Patient2,T2,original,Imc1,-0.19696930811172944
HGG_Patient2,T2,original,Imc2,0.8528010355309802
HGG_Patient2,T2,original,InverseVariance,0.43293173490940995
HGG_Patient2,T2,original,JointAverage,32.92081161980784
HGG_Patient2,T2,original,JointEnergy,0.015505160024863969
HGG_Patient2,T2,original,JointEntropy,6.470506158190445
HGG_Patient2,T2,original,MCC,0.9307144460592324
HGG_Patient2,T2,original,MaximumProbability,0.03314165279412023
HGG_Patient2,T2,original,SumAverage,65.84162323961569
HGG_Patient2,T2,original,SumEntropy,4.491845307521998
HGG_Patient2,T2,original,SumSquares,8.855105990425308
HGG_Patient2,T2,original,DependenceEntropy,7.0603395809874225
HGG_Patient2,T2,original,DependenceNonUniformity,1055.5395973154361
HGG_Patient2,T2,original,DependenceNonUniformityNormalized,0.10120226244635055
HGG_Patient2,T2,original,DependenceVariance,8.892256958456551
HGG_Patient2,T2,original,GrayLevelNonUniformity,987.3798657718121
HGG_Patient2,T2,original,GrayLevelVariance,9.87524904651289
HGG_Patient2,T2,original,HighGrayLevelEmphasis,1080.037008628955
HGG_Patient2,T2,original,LargeDependenceEmphasis,41.3549376797699
HGG_Patient2,T2,original,LargeDependenceHighGrayLevelEmphasis,45806.74822627037
HGG_Patient2,T2,original,LargeDependenceLowGrayLevelEmphasis,0.03870093222676077
HGG_Patient2,T2,original,LowGrayLevelEmphasis,0.0010688631116259697
HGG_Patient2,T2,original,SmallDependenceEmphasis,0.10126018857163797
HGG_Patient2,T2,original,SmallDependenceHighGrayLevelEmphasis,103.0767931323337
HGG_Patient2,T2,original,SmallDependenceLowGrayLevelEmphasis,0.00021329614649541245
HGG_Patient2,T2,original,GrayLevelNonUniformity,805.8181539608934
HGG_Patient2,T2,original,GrayLevelNonUniformityNormalized,0.09428898401865732
HGG_Patient2,T2,original,GrayLevelVariance,10.155047813596797
HGG_Patient2,T2,original,HighGrayLevelRunEmphasis,1075.8854572880307
HGG_Patient2,T2,original,LongRunEmphasis,1.8120439885756263
HGG_Patient2,T2,original,LongRunHighGrayLevelEmphasis,1970.022227313658
HGG_Patient2,T2,original,LongRunLowGrayLevelEmphasis,0.0018596929390507807
HGG_Patient2,T2,original,LowGrayLevelRunEmphasis,0.0010977109605624818
HGG_Patient2,T2,original,RunEntropy,4.450962544389577
HGG_Patient2,T2,original,RunLengthNonUniformity,6025.4829363541485
HGG_Patient2,T2,original,RunLengthNonUniformityNormalized,0.7008597205111285
HGG_Patient2,T2,original,RunPercentage,0.8193229589202743
HGG_Patient2,T2,original,RunVariance,0.3013277179223499
HGG_Patient2,T2,original,ShortRunEmphasis,0.8616513395724799
HGG_Patient2,T2,original,ShortRunHighGrayLevelEmphasis,924.3289056548133
HGG_Patient2,T2,original,ShortRunLowGrayLevelEmphasis,0.0009670503801293815
HGG_Patient2,T2,original,GrayLevelNonUniformity,72.22635494155153
HGG_Patient2,T2,original,GrayLevelNonUniformityNormalized,0.07675489366796126
HGG_Patient2,T2,original,GrayLevelVariance,22.46705237040659
HGG_Patient2,T2,original,HighGrayLevelZoneEmphasis,997.884165781084
HGG_Patient2,T2,original,LargeAreaEmphasis,4242.7715196599365
HGG_Patient2,T2,original,LargeAreaHighGrayLevelEmphasis,4752780.811902232
HGG_Patient2,T2,original,LargeAreaLowGrayLevelEmphasis,3.8431916364039638
HGG_Patient2,T2,original,LowGrayLevelZoneEmphasis,0.0022681295243928163
HGG_Patient2,T2,original,SizeZoneNonUniformity,264.6684378320935
HGG_Patient2,T2,original,SizeZoneNonUniformityNormalized,0.2812629520000994
HGG_Patient2,T2,original,SmallAreaEmphasis,0.5466094223706763
HGG_Patient2,T2,original,SmallAreaHighGrayLevelEmphasis,526.2301989465144
HGG_Patient2,T2,original,SmallAreaLowGrayLevelEmphasis,0.0018062655200677678
HGG_Patient2,T2,original,ZoneEntropy,6.462445241836078
HGG_Patient2,T2,original,ZonePercentage,0.09022051773729627
HGG_Patient2,T2,original,ZoneVariance,4119.917500206103
HGG_Patient2,T2,original,Busyness,0.45904906578801125
HGG_Patient2,T2,original,Coarseness,0.0012468967498429138
HGG_Patient2,T2,original,Complexity,700.643492956705
HGG_Patient2,T2,original,Contrast,0.014093629126484855
HGG_Patient2,T2,original,Strength,1.6184050790170406
HGG_Patient3,Flair,original,Elongation,0.22249758233019226
HGG_Patient3,Flair,original,Flatness,0.1446997015531493
HGG_Patient3,Flair,original,LeastAxisLength,24.885370329541296
HGG_Patient3,Flair,original,MajorAxisLength,171.97941711303883
HGG_Patient3,Flair,original,Maximum2DDiameterColumn,42.190046219457976
HGG_Patient3,Flair,original,Maximum2DDiameterRow,58.855755878248644
HGG_Patient3,Flair,original,Maximum2DDiameterSlice,55.326304774492215
HGG_Patient3,Flair,original,Maximum3DDiameter,131.33544837552427
HGG_Patient3,Flair,original,MeshVolume,15082.208333333334
HGG_Patient3,Flair,original,MinorAxisLength,38.26500451820684
HGG_Patient3,Flair,original,Sphericity,0.17952604922780713
HGG_Patient3,Flair,original,SurfaceArea,16443.715005738264
HGG_Patient3,Flair,original,SurfaceVolumeRatio,1.0902723687615328
HGG_Patient3,Flair,original,VoxelVolume,16412.0
HGG_Patient3,Flair,original,10Percentile,207.0
HGG_Patient3,Flair,original,90Percentile,345.0
HGG_Patient3,Flair,original,Energy,1301228985.0
HGG_Patient3,Flair,original,Entropy,3.300390093968022
HGG_Patient3,Flair,original,InterquartileRange,68.0
HGG_Patient3,Flair,original,Kurtosis,6.1993318841461456
HGG_Patient3,Flair,original,Maximum,604.0
HGG_Patient3,Flair,original,MeanAbsoluteDeviation,46.4668555934385
HGG_Patient3,Flair,original,Mean,273.9616743845966
HGG_Patient3,Flair,original,Median,268.0
HGG_Patient3,Flair,original,Minimum,0.0
HGG_Patient3,Flair,original,Range,604.0
HGG_Patient3,Flair,original,RobustMeanAbsoluteDeviation,28.65058672261013
HGG_Patient3,Flair,original,RootMeanSquared,281.5763079861443
HGG_Patient3,Flair,original,Skewness,0.6271112942640672
HGG_Patient3,Flair,original,TotalEnergy,1301228985.0
HGG_Patient3,Flair,original,Uniformity,0.13310752420801694
HGG_Patient3,Flair,original,Variance,4230.218187496217
HGG_Patient3,Flair,original,Autocorrelation,146.8989397281867
HGG_Patient3,Flair,original,ClusterProminence,3727.119842025066
HGG_Patient3,Flair,original,ClusterShade,101.04570296308778
HGG_Patient3,Flair,original,ClusterTendency,24.753368400813144
HGG_Patient3,Flair,original,Contrast,1.5569821596983573
HGG_Patient3,Flair,original,Correlation,0.8812882704796116
HGG_Patient3,Flair,original,DifferenceAverage,0.7750297660619704
HGG_Patient3,Flair,original,DifferenceEntropy,1.6262402014370207
HGG_Patient3,Flair,original,DifferenceVariance,0.9286363413324548
HGG_Patient3,Flair,original,Id,0.6972262642983356
HGG_Patient3,Flair,original,Idm,0.6783015981599866
HGG_Patient3,Flair,original,Idmn,0.9975653264756902
HGG_Patient3,Flair,original,Idn,0.9712210986853105
HGG_Patient3,Flair,original,Imc1,-0.3669355961952619
HGG_Patient3,Flair,original,Imc2,0.9474394795269964
HGG_Patient3,Flair,original,InverseVariance,0.4358365873032178
HGG_Patient3,Flair,original,JointAverage,11.878419603265886
HGG_Patient3,Flair,original,JointEnergy,0.046249872092836514
HGG_Patient3,Flair,original,JointEntropy,5.322525216097431
HGG_Patient3,Flair,original,MCC,0.9004337130583857
HGG_Patient3,Flair,original,MaximumProbability,0.10759871111939351
HGG_Patient3,Flair,original,SumAverage,23.756839206531765
HGG_Patient3,Flair,original,SumEntropy,4.186381107930666
HGG_Patient3,Flair,original,SumSquares,6.5775876401278754
HGG_Patient3,Flair,original,DependenceEntropy,7.474576700681046
HGG_Patient3,Flair,original,DependenceNonUniformity,921.2026565927371
HGG_Patient3,Flair,original,DependenceNonUniformityNormalized,0.05612982309241634
HGG_Patient3,Flair,original,DependenceVariance,28.614556803784396
HGG_Patient3,Flair,original,GrayLevelNonUniformity,2184.560687301974
HGG_Patient3,Flair,original,GrayLevelVariance,6.854113184333536
HGG_Patient3,Flair,original,HighGrayLevelEmphasis,138.61966853521812
HGG_Patient3,Flair,original,LargeDependenceEmphasis,112.4912259322447
HGG_Patient3,Flair,original,LargeDependenceHighGrayLevelEmphasis,15614.404825737265
HGG_Patient3,Flair,original,LargeDependenceLowGrayLevelEmphasis,0.9646143644389322
HGG_Patient3,Flair,original,LowGrayLevelEmphasis,0.010669978390953865
HGG_Patient3,Flair,original,SmallDependenceEmphasis,0.06353540790469597
HGG_Patient3,Flair,original,SmallDependenceHighGrayLevelEmphasis,7.740678658251944
HGG_Patient3,Flair,original,SmallDependenceLowGrayLevelEmphasis,0.0011515262018832555
HGG_Patient3,Flair,original,GrayLevelNonUniformity,1392.2134031377136
HGG_Patient3,Flair,original,GrayLevelNonUniformityNormalized,0.12346373204840548
HGG_Patient3,Flair,original,GrayLevelVariance,7.9031395376120726
HGG_Patient3,Flair,original,HighGrayLevelRunEmphasis,137.9591747936891
HGG_Patient3,Flair,original,LongRunEmphasis,3.213093615800847
HGG_Patient3,Flair,original,LongRunHighGrayLevelEmphasis,447.66011902512594
HGG_Patient3,Flair,original,LongRunLowGrayLevelEmphasis,0.030927107835161907
HGG_Patient3,Flair,original,LowGrayLevelRunEmphasis,0.011404083212377068
HGG_Patient3,Flair,original,RunEntropy,4.673710256520641
HGG_Patient3,Flair,original,RunLengthNonUniformity,6356.374455777506
HGG_Patient3,Flair,original,RunLengthNonUniformityNormalized,0.5557793225821341
HGG_Patient3,Flair,original,RunPercentage,0.6862145896998444
HGG_Patient3,Flair,original,RunVariance,0.9918183940418956
HGG_Patient3,Flair,original,ShortRunEmphasis,0.7705600753949816
HGG_Patient3,Flair,original,ShortRunHighGrayLevelEmphasis,105.79377300931861
HGG_Patient3,Flair,original,ShortRunLowGrayLevelEmphasis,0.009232298069966591
HGG_Patient3,Flair,original,GrayLevelNonUniformity,97.89299610894942
HGG_Patient3,Flair,original,GrayLevelNonUniformityNormalized,0.09522664991142939
HGG_Patient3,Flair,original,GrayLevelVariance,12.130610418022982
HGG_Patient3,Flair,original,HighGrayLevelZoneEmphasis,113.16439688715953
HGG_Patient3,Flair,original,LargeAreaEmphasis,10931.661478599222
HGG_Patient3,Flair,original,LargeAreaHighGrayLevelEmphasis,1477591.285992218
HGG_Patient3,Flair,original,LargeAreaLowGrayLevelEmphasis,85.5116203372229
HGG_Patient3,Flair,original,LowGrayLevelZoneEmphasis,0.020534099503126253
HGG_Patient3,Flair,original,SizeZoneNonUniformity,252.67509727626458
HGG_Patient3,Flair,original,SizeZoneNonUniformityNormalized,0.24579289618313677
HGG_Patient3,Flair,original,SmallAreaEmphasis,0.5069416626309999
HGG_Patient3,Flair,original,SmallAreaHighGrayLevelEmphasis,56.63246526029621
HGG_Patient3,Flair,original,SmallAreaLowGrayLevelEmphasis,0.011831108677714685
HGG_Patient3,Flair,original,ZoneEntropy,6.462827192126732
HGG_Patient3,Flair,original,ZonePercentage,0.06263709480867657
HGG_Patient3,Flair,original,ZoneVariance,10676.780874805068
HGG_Patient3,Flair,original,Busyness,2.268883841640339
HGG_Patient3,Flair,original,Coarseness,0.001099485128936405
HGG_Patient3,Flair,original,Complexity,136.4853146447059
HGG_Patient3,Flair,original,Contrast,0.011076567877546389
HGG_Patient3,Flair,original,Strength,0.3843759347877122
HGG_Patient3,T1,original,Elongation,0.22249758233019226
HGG_Patient3,T1,original,Flatness,0.1446997015531493
HGG_Patient3,T1,original,LeastAxisLength,24.885370329541296
HGG_Patient3,T1,original,MajorAxisLength,171.97941711303883
HGG_Patient3,T1,original,Maximum2DDiameterColumn,42.190046219457976
HGG_Patient3,T1,original,Maximum2DDiameterRow,58.855755878248644
HGG_Patient3,T1,original,Maximum2DDiameterSlice,55.326304774492215
HGG_Patient3,T1,original,Maximum3DDiameter,131.33544837552427
HGG_Patient3,T1,original,MeshVolume,15082.208333333334
HGG_Patient3,T1,original,MinorAxisLength,38.26500451820684
HGG_Patient3,T1,original,Sphericity,0.17952604922780713
HGG_Patient3,T1,original,SurfaceArea,16443.715005738264
HGG_Patient3,T1,original,SurfaceVolumeRatio,1.0902723687615328
HGG_Patient3,T1,original,VoxelVolume,16412.0
HGG_Patient3,T1,original,10Percentile,246.0
HGG_Patient3,T1,original,90Percentile,428.0
HGG_Patient3,T1,original,Energy,1811877565.0
HGG_Patient3,T1,original,Entropy,3.5751199091917227
HGG_Patient3,T1,original,InterquartileRange,101.0
HGG_Patient3,T1,original,Kurtosis,5.978015469757663
HGG_Patient3,T1,original,Maximum,782.0
HGG_Patient3,T1,original,MeanAbsoluteDeviation,66.28892127075837
HGG_Patient3,T1,original,Mean,319.37125274189617
HGG_Patient3,T1,original,Median,302.0
HGG_Patient3,T1,original,Minimum,1.0
HGG_Patient3,T1,original,Range,781.0
HGG_Patient3,T1,original,RobustMeanAbsoluteDeviation,42.03765847823164
HGG_Patient3,T1,original,RootMeanSquared,332.26429113587625
HGG_Patient3,T1,original,Skewness,0.018971554276586606
HGG_Patient3,T1,original,TotalEnergy,1811877565.0
HGG_Patient3,T1,original,Uniformity,0.11220447709833951
HGG_Patient3,T1,original,Variance,8401.5620860982
HGG_Patient3,T1,original,Autocorrelation,182.08334092795187
HGG_Patient3,T1,original,ClusterProminence,8973.20977093387
HGG_Patient3,T1,original,ClusterShade,1.1633066722271808
HGG_Patient3,T1,original,ClusterTendency,37.09045612618167
HGG_Patient3,T1,original,Contrast,2.7411635680607755
HGG_Patient3,T1,original,Correlation,0.8604240900137458
HGG_Patient3,T1,original,DifferenceAverage,0.6969293585402314
HGG_Patient3,T1,original,DifferenceEntropy,1.5511874182366572
HGG_Patient3,T1,original,DifferenceVariance,2.2374204136899567
HGG_Patient3,T1,original,Id,0.7653698601330865
HGG_Patient3,T1,original,Idm,0.7516343214669395
HGG_Patient3,T1,original,Idmn,0.9975949026570945
HGG_Patient3,T1,original,Idn,0.9803340185679178
HGG_Patient3,T1,original,Imc1,-0.49428984804335313
HGG_Patient3,T1,original,Imc2,0.9802078785283921
HGG_Patient3,T1,original,InverseVariance,0.33226576958388215
HGG_Patient3,T1,original,JointAverage,13.171666098623477
HGG_Patient3,T1,original,JointEnergy,0.06786798896368731
HGG_Patient3,T1,original,JointEntropy,5.047858365019507
HGG_Patient3,T1,original,MCC,0.9531767031624745
HGG_Patient3,T1,original,MaximumProbability,0.17348962835672074
HGG_Patient3,T1,original,SumAverage,26.343332197246944
HGG_Patient3,T1,original,SumEntropy,4.198428384603136
HGG_Patient3,T1,original,SumSquares,9.957904923560612
HGG_Patient3,T1,original,DependenceEntropy,7.816192426722036
HGG_Patient3,T1,original,DependenceNonUniformity,684.4941506214965
HGG_Patient3,T1,original,DependenceNonUniformityNormalized,0.041706930942084844
HGG_Patient3,T1,original,DependenceVariance,54.76156826689589
HGG_Patient3,T1,original,GrayLevelNonUniformity,1841.499878137948
HGG_Patient3,T1,original,GrayLevelVariance,13.468709697979916
HGG_Patient3,T1,original,HighGrayLevelEmphasis,190.26212527418963
HGG_Patient3,T1,original,LargeDependenceEmphasis,185.22105776261273
HGG_Patient3,T1,original,LargeDependenceHighGrayLevelEmphasis,28446.848891055324
HGG_Patient3,T1,original,LargeDependenceLowGrayLevelEmphasis,4.178519052083448
HGG_Patient3,T1,original,LowGrayLevelEmphasis,0.027939711221759308
HGG_Patient3,T1,original,SmallDependenceEmphasis,0.07371196495346452
HGG_Patient3,T1,original,SmallDependenceHighGrayLevelEmphasis,21.43405857804389
HGG_Patient3,T1,original,SmallDependenceLowGrayLevelEmphasis,0.0018185815959144201
HGG_Patient3,T1,original,GrayLevelNonUniformity,847.3647676009277
HGG_Patient3,T1,original,GrayLevelNonUniformityNormalized,0.08593587534321248
HGG_Patient3,T1,original,GrayLevelVariance,17.17262200502872
HGG_Patient3,T1,original,HighGrayLevelRunEmphasis,209.8155787091405
HGG_Patient3,T1,original,LongRunEmphasis,5.007588124227178
HGG_Patient3,T1,original,LongRunHighGrayLevelEmphasis,838.3235634894247
HGG_Patient3,T1,original,LongRunLowGrayLevelEmphasis,0.11489309605290139
HGG_Patient3,T1,original,LowGrayLevelRunEmphasis,0.029683979011015472
HGG_Patient3,T1,original,RunEntropy,5.28779824396266
HGG_Patient3,T1,original,RunLengthNonUniformity,5011.160982612546
HGG_Patient3,T1,original,RunLengthNonUniformityNormalized,0.5035388571144481
HGG_Patient3,T1,original,RunPercentage,0.5991582144397157
HGG_Patient3,T1,original,RunVariance,2.106862010102518
HGG_Patient3,T1,original,ShortRunEmphasis,0.7356915933086915
HGG_Patient3,T1,original,ShortRunHighGrayLevelEmphasis,164.8487322576925
HGG_Patient3,T1,original,ShortRunLowGrayLevelEmphasis,0.021568285363764587
HGG_Patient3,T1,original,GrayLevelNonUniformity,64.88612670408982
HGG_Patient3,T1,original,GrayLevelNonUniformityNormalized,0.05203378244113056
HGG_Patient3,T1,original,GrayLevelVariance,32.46474714937341
HGG_Patient3,T1,original,HighGrayLevelZoneEmphasis,303.327185244587
HGG_Patient3,T1,original,LargeAreaEmphasis,15645.074578989575
HGG_Patient3,T1,original,LargeAreaHighGrayLevelEmphasis,2304028.163592622
HGG_Patient3,T1,original,LargeAreaLowGrayLevelEmphasis,167.8793002139679
HGG_Patient3,T1,original,LowGrayLevelZoneEmphasis,0.02461040251102411
HGG_Patient3,T1,original,SizeZoneNonUniformity,401.214915797915
HGG_Patient3,T1,original,SizeZoneNonUniformityNormalized,0.32174411852278667
HGG_Patient3,T1,original,SmallAreaEmphasis,0.5886187369312934
HGG_Patient3,T1,original,SmallAreaHighGrayLevelEmphasis,192.40416317960242
HGG_Patient3,T1,original,SmallAreaLowGrayLevelEmphasis,0.013979034684161746
HGG_Patient3,T1,original,ZoneEntropy,6.771925803881434
HGG_Patient3,T1,original,ZonePercentage,0.07598098951986351
HGG_Patient3,T1,original,ZoneVariance,15471.857739730125
HGG_Patient3,T1,original,Busyness,1.0982608952951602
HGG_Patient3,T1,original,Coarseness,0.0015154264146451444
HGG_Patient3,T1,original,Complexity,263.9461530806875
HGG_Patient3,T1,original,Contrast,0.015571722912951908
HGG_Patient3,T1,original,Strength,0.7411067113754007
HGG_Patient3,T1CE,original,Elongation,0.22249758233019226
HGG_Patient3,T1CE,original,Flatness,0.1446997015531493
HGG_Patient3,T1CE,original,LeastAxisLength,24.885370329541296
HGG_Patient3,T1CE,original,MajorAxisLength,171.97941711303883
HGG_Patient3,T1CE,original,Maximum2DDiameterColumn,42.190046219457976
HGG_Patient3,T1CE,original,Maximum2DDiameterRow,58.855755878248644
HGG_Patient3,T1CE,original,Maximum2DDiameterSlice,55.326304774492215
HGG_Patient3,T1CE,original,Maximum3DDiameter,131.33544837552427
HGG_Patient3,T1CE,original,MeshVolume,15082.208333333334
HGG_Patient3,T1CE,original,MinorAxisLength,38.26500451820684
HGG_Patient3,T1CE,original,Sphericity,0.17952604922780713
HGG_Patient3,T1CE,original,SurfaceArea,16443.715005738264
HGG_Patient3,T1CE,original,SurfaceVolumeRatio,1.0902723687615328
HGG_Patient3,T1CE,original,VoxelVolume,16412.0
HGG_Patient3,T1CE,original,10Percentile,39.0
HGG_Patient3,T1CE,original,90Percentile,57.0
HGG_Patient3,T1CE,original,Energy,38868046.0
HGG_Patient3,T1CE,original,Entropy,1.024198727728849
HGG_Patient3,T1CE,original,InterquartileRange,9.0
HGG_Patient3,T1CE,original,Kurtosis,8.016945095832778
HGG_Patient3,T1CE,original,Maximum,143.0
HGG_Patient3,T1CE,original,MeanAbsoluteDeviation,6.02068808072703
HGG_Patient3,T1CE,original,Mean,48.00158420667804
HGG_Patient3,T1CE,original,Median,47.0
HGG_Patient3,T1CE,original,Minimum,0.0
HGG_Patient3,T1CE,original,Range,143.0
HGG_Patient3,T1CE,original,RobustMeanAbsoluteDeviation,4.138502028818922
HGG_Patient3,T1CE,original,RootMeanSquared,48.664873619948175
HGG_Patient3,T1CE,original,Skewness,1.0500786258697299
HGG_Patient3,T1CE,original,TotalEnergy,38868046.0
HGG_Patient3,T1CE,original,Uniformity,0.5203457799346571
HGG_Patient3,T1CE,original,Variance,64.11783809472496
HGG_Patient3,T1CE,original,Autocorrelation,5.312872169691209
HGG_Patient3,T1CE,original,ClusterProminence,1.1196469688771171
HGG_Patient3,T1CE,original,ClusterShade,0.49753425423577374
HGG_Patient3,T1CE,original,ClusterTendency,0.6184601803240466
HGG_Patient3,T1CE,original,Contrast,0.22331907042419544
HGG_Patient3,T1CE,original,Correlation,0.4677303790711744
HGG_Patient3,T1CE,original,DifferenceAverage,0.22198733258965359
HGG_Patient3,T1CE,original,DifferenceEntropy,0.7663527622838209
HGG_Patient3,T1CE,original,DifferenceVariance,0.17345380774829836
HGG_Patient3,T1CE,original,Id,0.8892227959067379
HGG_Patient3,T1CE,original,Idm,0.8891395074886274
HGG_Patient3,T1CE,original,Idmn,0.9939701641552088
HGG_Patient3,T1CE,original,Idn,0.9683110433245143
HGG_Patient3,T1CE,original,Imc1,-0.1752473018457706
HGG_Patient3,T1CE,original,Imc2,0.5100233525975935
HGG_Patient3,T1CE,original,InverseVariance,0.2208739507462467
HGG_Patient3,T1CE,original,JointAverage,2.2834149233218985
HGG_Patient3,T1CE,original,JointEnergy,0.4240146739628892
HGG_Patient3,T1CE,original,JointEntropy,1.6174544807636129
HGG_Patient3,T1CE,original,MCC,0.6349126871298026
HGG_Patient3,T1CE,original,MaximumProbability,0.6095600657990148
HGG_Patient3,T1CE,original,SumAverage,4.566829846643798
HGG_Patient3,T1CE,original,SumEntropy,1.389825898820117
HGG_Patient3,T1CE,original,SumSquares,0.21044481268706056
HGG_Patient3,T1CE,original,DependenceEntropy,5.295045910736892
HGG_Patient3,T1CE,original,DependenceNonUniformity,800.4317572507921
HGG_Patient3,T1CE,original,DependenceNonUniformityNormalized,0.04877112827509091
HGG_Patient3,T1CE,original,DependenceVariance,66.16961763115496
HGG_Patient3,T1CE,original,GrayLevelNonUniformity,8539.914940287594
HGG_Patient3,T1CE,original,GrayLevelVariance,0.25641036569367304
HGG_Patient3,T1CE,original,HighGrayLevelEmphasis,5.97355593468194
HGG_Patient3,T1CE,original,LargeDependenceEmphasis,289.51291737752865
HGG_Patient3,T1CE,original,LargeDependenceHighGrayLevelEmphasis,1361.158420667804
HGG_Patient3,T1CE,original,LargeDependenceLowGrayLevelEmphasis,66.75379070531048
HGG_Patient3,T1CE,original,LowGrayLevelEmphasis,0.1969439197606088
HGG_Patient3,T1CE,original,SmallDependenceEmphasis,0.02820173394101551
HGG_Patient3,T1CE,original,SmallDependenceHighGrayLevelEmphasis,0.22369363803372838
HGG_Patient3,T1CE,original,SmallDependenceLowGrayLevelEmphasis,0.0046007242890014075
HGG_Patient3,T1CE,original,GrayLevelNonUniformity,3768.097044698185
HGG_Patient3,T1CE,original,GrayLevelNonUniformityNormalized,0.4956005783029908
HGG_Patient3,T1CE,original,GrayLevelVariance,0.2779182703358308
HGG_Patient3,T1CE,original,HighGrayLevelRunEmphasis,6.9937420712105745
HGG_Patient3,T1CE,original,LongRunEmphasis,10.967947726880276
HGG_Patient3,T1CE,original,LongRunHighGrayLevelEmphasis,52.64433441093086
HGG_Patient3,T1CE,original,LongRunLowGrayLevelEmphasis,2.5027984918740773
HGG_Patient3,T1CE,original,LowGrayLevelRunEmphasis,0.17042009821896378
HGG_Patient3,T1CE,original,RunEntropy,2.968227175124444
HGG_Patient3,T1CE,original,RunLengthNonUniformity,3173.69283298153
HGG_Patient3,T1CE,original,RunLengthNonUniformityNormalized,0.41240510444152767
HGG_Patient3,T1CE,original,RunPercentage,0.4636663604492023
HGG_Patient3,T1CE,original,RunVariance,6.139262830559683
HGG_Patient3,T1CE,original,ShortRunEmphasis,0.6656432288243516
HGG_Patient3,T1CE,original,ShortRunHighGrayLevelEmphasis,5.000563404128217
HGG_Patient3,T1CE,original,ShortRunLowGrayLevelEmphasis,0.10486427257590249
HGG_Patient3,T1CE,original,GrayLevelNonUniformity,127.8036809815951
HGG_Patient3,T1CE,original,GrayLevelNonUniformityNormalized,0.3920358312318868
HGG_Patient3,T1CE,original,GrayLevelVariance,0.5468779404569235
HGG_Patient3,T1CE,original,HighGrayLevelZoneEmphasis,8.202453987730062
HGG_Patient3,T1CE,original,LargeAreaEmphasis,204224.84662576686
HGG_Patient3,T1CE,original,LargeAreaHighGrayLevelEmphasis,1038849.5214723926
HGG_Patient3,T1CE,original,LargeAreaLowGrayLevelEmphasis,44891.41033657123
HGG_Patient3,T1CE,original,LowGrayLevelZoneEmphasis,0.1734517723244717
HGG_Patient3,T1CE,original,SizeZoneNonUniformity,90.75460122699387
HGG_Patient3,T1CE,original,SizeZoneNonUniformityNormalized,0.2783883473220671
HGG_Patient3,T1CE,original,SmallAreaEmphasis,0.5406497219935126
HGG_Patient3,T1CE,original,SmallAreaHighGrayLevelEmphasis,4.553473196531933
HGG_Patient3,T1CE,original,SmallAreaLowGrayLevelEmphasis,0.09379003367997589
HGG_Patient3,T1CE,original,ZoneEntropy,4.131594561708818
HGG_Patient3,T1CE,original,ZonePercentage,0.019863514501584207
HGG_Patient3,T1CE,original,ZoneVariance,201690.37276525275
HGG_Patient3,T1CE,original,Busyness,101.7794601426312
HGG_Patient3,T1CE,original,Coarseness,0.0005137333046742451
HGG_Patient3,T1CE,original,Complexity,4.642619470526609
HGG_Patient3,T1CE,original,Contrast,0.004270025825351876
HGG_Patient3,T1CE,original,Strength,0.012887420441251156
HGG_Patient3,T2,original,Elongation,0.22249758233019226
HGG_Patient3,T2,original,Flatness,0.1446997015531493
HGG_Patient3,T2,original,LeastAxisLength,24.885370329541296
HGG_Patient3,T2,original,MajorAxisLength,171.97941711303883
HGG_Patient3,T2,original,Maximum2DDiameterColumn,42.190046219457976
HGG_Patient3,T2,original,Maximum2DDiameterRow,58.855755878248644
HGG_Patient3,T2,original,Maximum2DDiameterSlice,55.326304774492215
HGG_Patient3,T2,original,Maximum3DDiameter,131.33544837552427
HGG_Patient3,T2,original,MeshVolume,15082.208333333334
HGG_Patient3,T2,original,MinorAxisLength,38.26500451820684
HGG_Patient3,T2,original,Sphericity,0.17952604922780713
HGG_Patient3,T2,original,SurfaceArea,16443.715005738264
HGG_Patient3,T2,original,SurfaceVolumeRatio,1.0902723687615328
HGG_Patient3,T2,original,VoxelVolume,16412.0
HGG_Patient3,T2,original,10Percentile,556.0
HGG_Patient3,T2,original,90Percentile,961.0
HGG_Patient3,T2,original,Energy,9953611172.0
HGG_Patient3,T2,original,Entropy,4.637350436598383
HGG_Patient3,T2,original,InterquartileRange,200.0
HGG_Patient3,T2,original,Kurtosis,3.0179587621036204
HGG_Patient3,T2,original,Maximum,1328.0
HGG_Patient3,T2,original,MeanAbsoluteDeviation,121.25761605155189
HGG_Patient3,T2,original,Mean,763.6780404582013
HGG_Patient3,T2,original,Median,770.0
HGG_Patient3,T2,original,Minimum,0.0
HGG_Patient3,T2,original,Range,1328.0
HGG_Patient3,T2,original,RobustMeanAbsoluteDeviation,84.40002658013034
HGG_Patient3,T2,original,RootMeanSquared,778.7706606544532
HGG_Patient3,T2,original,Skewness,-0.24794385114839881
HGG_Patient3,T2,original,TotalEnergy,9953611172.0
HGG_Patient3,T2,original,Uniformity,0.04656185510456464
HGG_Patient3,T2,original,Variance,23279.592418095363
HGG_Patient3,T2,original,Autocorrelation,1072.1500688999072
HGG_Patient3,T2,original,ClusterProminence,45750.41858744354
HGG_Patient3,T2,original,ClusterShade,-400.117672551068
HGG_Patient3,T2,original,ClusterTendency,121.78252225880621
HGG_Patient3,T2,original,Contrast,9.180705493034871
HGG_Patient3,T2,original,Correlation,0.8588703541216736
HGG_Patient3,T2,original,DifferenceAverage,2.123104002581925
HGG_Patient3,T2,original,DifferenceEntropy,2.7076292212284487
HGG_Patient3,T2,original,DifferenceVariance,4.503965005023229
HGG_Patient3,T2,original,Id,0.4706356950362548
HGG_Patient3,T2,original,Idm,0.4039812183432224
HGG_Patient3,T2,original,Idmn,0.9969092596662652
HGG_Patient3,T2,original,Idn,0.9635048935816395
HGG_Patient3,T2,original,Imc1,-0.24858164032042643
HGG_Patient3,T2,original,Imc2,0.9379411312277948
HGG_Patient3,T2,original,InverseVariance,0.3760868620832592
HGG_Patient3,T2,original,JointAverage,32.31046920472438
HGG_Patient3,T2,original,JointEnergy,0.006278233953985194
HGG_Patient3,T2,original,JointEntropy,7.949122156742887
HGG_Patient3,T2,original,MCC,0.9025681656995156
HGG_Patient3,T2,original,MaximumProbability,0.017569478214269095
HGG_Patient3,T2,original,SumAverage,64.62093840944875
HGG_Patient3,T2,original,SumEntropy,5.480884131632611
HGG_Patient3,T2,original,SumSquares,32.740806937960265
HGG_Patient3,T2,original,DependenceEntropy,7.841920157899163
HGG_Patient3,T2,original,DependenceNonUniformity,1943.8251279551548
HGG_Patient3,T2,original,DependenceNonUniformityNormalized,0.11843925956343863
HGG_Patient3,T2,original,DependenceVariance,8.860826705271267
HGG_Patient3,T2,original,GrayLevelNonUniformity,764.173165976115
HGG_Patient3,T2,original,GrayLevelVariance,37.31498092708895
HGG_Patient3,T2,original,HighGrayLevelEmphasis,1002.4976846210091
HGG_Patient3,T2,original,LargeDependenceEmphasis,28.987082622471362
HGG_Patient3,T2,original,LargeDependenceHighGrayLevelEmphasis,31673.63953204972
HGG_Patient3,T2,original,LargeDependenceLowGrayLevelEmphasis,0.029800769711813287
HGG_Patient3,T2,original,LowGrayLevelEmphasis,0.0012875448885917584
HGG_Patient3,T2,original,SmallDependenceEmphasis,0.19759453430292065
HGG_Patient3,T2,original,SmallDependenceHighGrayLevelEmphasis,173.23133759512504
HGG_Patient3,T2,original,SmallDependenceLowGrayLevelEmphasis,0.00036909873537047377
HGG_Patient3,T2,original,GrayLevelNonUniformity,650.3306762162841
HGG_Patient3,T2,original,GrayLevelNonUniformityNormalized,0.04575680800945013
HGG_Patient3,T2,original,GrayLevelVariance,38.20340731110255
HGG_Patient3,T2,original,HighGrayLevelRunEmphasis,990.7409739255852
HGG_Patient3,T2,original,LongRunEmphasis,1.5585160232277402
HGG_Patient3,T2,original,LongRunHighGrayLevelEmphasis,1593.4408575707782
HGG_Patient3,T2,original,LongRunLowGrayLevelEmphasis,0.0019110329020161113
HGG_Patient3,T2,original,LowGrayLevelRunEmphasis,0.0013232267369704099
HGG_Patient3,T2,original,RunEntropy,5.288845889888552
HGG_Patient3,T2,original,RunLengthNonUniformity,11072.83578268824
HGG_Patient3,T2,original,RunLengthNonUniformityNormalized,0.7768433229367775
HGG_Patient3,T2,original,RunPercentage,0.8659142466112976
HGG_Patient3,T2,original,RunVariance,0.21602981609707805
HGG_Patient3,T2,original,ShortRunEmphasis,0.9022068841153555
HGG_Patient3,T2,original,ShortRunHighGrayLevelEmphasis,885.7319403803817
HGG_Patient3,T2,original,ShortRunLowGrayLevelEmphasis,0.0012184778143378228
HGG_Patient3,T2,original,GrayLevelNonUniformity,159.0005518763797
HGG_Patient3,T2,original,GrayLevelNonUniformityNormalized,0.04387432446919969
HGG_Patient3,T2,original,GrayLevelVariance,42.32658282226901
HGG_Patient3,T2,original,HighGrayLevelZoneEmphasis,849.1906732891832
HGG_Patient3,T2,original,LargeAreaEmphasis,386.43653421633553
HGG_Patient3,T2,original,LargeAreaHighGrayLevelEmphasis,434661.58995584986
HGG_Patient3,T2,original,LargeAreaLowGrayLevelEmphasis,0.3607981021073458
HGG_Patient3,T2,original,LowGrayLevelZoneEmphasis,0.0018802632155058452
HGG_Patient3,T2,original,SizeZoneNonUniformity,1186.0717439293599
HGG_Patient3,T2,original,SizeZoneNonUniformityNormalized,0.3272824900467328
HGG_Patient3,T2,original,SmallAreaEmphasis,0.5926487494921752
HGG_Patient3,T2,original,SmallAreaHighGrayLevelEmphasis,492.08887526186203
HGG_Patient3,T2,original,SmallAreaLowGrayLevelEmphasis,0.0012910110267623648
HGG_Patient3,T2,original,ZoneEntropy,7.051903622227274
HGG_Patient3,T2,original,ZonePercentage,0.22081403850840847
HGG_Patient3,T2,original,ZoneVariance,365.92743252001617
HGG_Patient3,T2,original,Busyness,0.4287540568038026
HGG_Patient3,T2,original,Coarseness,0.0012306175835525943
HGG_Patient3,T2,original,Complexity,1298.1478324325417
HGG_Patient3,T2,original,Contrast,0.03754868743174729
HGG_Patient3,T2,original,Strength,1.3341647869220936
LGG_Patient1,Flair,original,Elongation,0.7021763612720762
LGG_Patient1,Flair,original,Flatness,0.605063382099023
LGG_Patient1,Flair,original,LeastAxisLength,35.28015432997122
LGG_Patient1,Flair,original,MajorAxisLength,58.30819608944268
LGG_Patient1,Flair,original,Maximum2DDiameterColumn,52.61178575186362
LGG_Patient1,Flair,original,Maximum2DDiameterRow,47.41307836451879
LGG_Patient1,Flair,original,Maximum2DDiameterSlice,55.44366510251645
LGG_Patient1,Flair,original,Maximum3DDiameter,57.52390807307862
LGG_Patient1,Flair,original,MeshVolume,20997.791666666668
LGG_Patient1,Flair,original,MinorAxisLength,40.94263696242357
LGG_Patient1,Flair,original,Sphericity,0.29407395191238317
LGG_Patient1,Flair,original,SurfaceArea,12516.319718214627
LGG_Patient1,Flair,original,SurfaceVolumeRatio,0.5960779074727125
LGG_Patient1,Flair,original,VoxelVolume,21279.0
LGG_Patient1,Flair,original,10Percentile,271.0
LGG_Patient1,Flair,original,90Percentile,460.0
LGG_Patient1,Flair,original,Energy,2724535840.0
LGG_Patient1,Flair,original,Entropy,3.643358015417957
LGG_Patient1,Flair,original,InterquartileRange,102.0
LGG_Patient1,Flair,original,Kurtosis,5.7342758346164295
LGG_Patient1,Flair,original,Maximum,555.0
LGG_Patient1,Flair,original,MeanAbsoluteDeviation,65.29385595217956
LGG_Patient1,Flair,original,Mean,346.42539593025987
LGG_Patient1,Flair,original,Median,341.0
LGG_Patient1,Flair,original,Minimum,0.0
LGG_Patient1,Flair,original,Range,555.0
LGG_Patient1,Flair,original,RobustMeanAbsoluteDeviation,42.620275125116336
LGG_Patient1,Flair,original,RootMeanSquared,357.82497971086383
LGG_Patient1,Flair,original,Skewness,-0.98167636851268
LGG_Patient1,Flair,original,TotalEnergy,2724535840.0
LGG_Patient1,Flair,original,Uniformity,0.10043229394414867
LGG_Patient1,Flair,original,Variance,8028.161159642808
LGG_Patient1,Flair,original,Autocorrelation,212.52589088153897
LGG_Patient1,Flair,original,ClusterProminence,9657.88330436603
LGG_Patient1,Flair,original,ClusterShade,-204.6000346946704
LGG_Patient1,Flair,original,ClusterTendency,41.37426332592361
LGG_Patient1,Flair,original,Contrast,3.505384841110218
LGG_Patient1,Flair,original,Correlation,0.8424717899407292
LGG_Patient1,Flair,original,DifferenceAverage,1.1361011762210353
LGG_Patient1,Flair,original,DifferenceEntropy,2.034482796505282
LGG_Patient1,Flair,original,DifferenceVariance,2.1661495178199073
LGG_Patient1,Flair,original,Id,0.6322519968467392
LGG_Patient1,Flair,original,Idm,0.5993133047815559
LGG_Patient1,Flair,original,Idmn,0.9938246480901547
LGG_Patient1,Flair,original,Idn,0.9560589157349214
LGG_Patient1,Flair,original,Imc1,-0.3068348742321996
LGG_Patient1,Flair,original,Imc2,0.9329791852133293
LGG_Patient1,Flair,original,InverseVariance,0.42133397184792754
LGG_Patient1,Flair,original,JointAverage,14.249832492928997
LGG_Patient1,Flair,original,JointEnergy,0.0310301603839521
LGG_Patient1,Flair,original,JointEntropy,5.993379419131572
LGG_Patient1,Flair,original,MCC,0.8598877975573198
LGG_Patient1,Flair,original,MaximumProbability,0.09489773467438414
LGG_Patient1,Flair,original,SumAverage,28.499664985857997
LGG_Patient1,Flair,original,SumEntropy,4.496501076065538
LGG_Patient1,Flair,original,SumSquares,11.219912041758457
LGG_Patient1,Flair,original,DependenceEntropy,7.679983099250513
LGG_Patient1,Flair,original,DependenceNonUniformity,1211.511396212228
LGG_Patient1,Flair,original,DependenceNonUniformityNormalized,0.05693460201194737
LGG_Patient1,Flair,original,DependenceVariance,32.83377673957036
LGG_Patient1,Flair,original,GrayLevelNonUniformity,2137.098782837539
LGG_Patient1,Flair,original,GrayLevelVariance,12.761603722415815
LGG_Patient1,Flair,original,HighGrayLevelEmphasis,219.67709948775789
LGG_Patient1,Flair,original,LargeDependenceEmphasis,113.31016495136049
LGG_Patient1,Flair,original,LargeDependenceHighGrayLevelEmphasis,22449.74167019127
LGG_Patient1,Flair,original,LargeDependenceLowGrayLevelEmphasis,2.73940754617913
LGG_Patient1,Flair,original,LowGrayLevelEmphasis,0.020921737570401888
LGG_Patient1,Flair,original,SmallDependenceEmphasis,0.0673478251512989
LGG_Patient1,Flair,original,SmallDependenceHighGrayLevelEmphasis,13.304849257075933
LGG_Patient1,Flair,original,SmallDependenceLowGrayLevelEmphasis,0.0012086538441541668
LGG_Patient1,Flair,original,GrayLevelNonUniformity,1330.3613651416465
LGG_Patient1,Flair,original,GrayLevelNonUniformityNormalized,0.09009463001641224
LGG_Patient1,Flair,original,GrayLevelVariance,13.884143130579055
LGG_Patient1,Flair,original,HighGrayLevelRunEmphasis,224.18802291576793
LGG_Patient1,Flair,original,LongRunEmphasis,3.192814391904728
LGG_Patient1,Flair,original,LongRunHighGrayLevelEmphasis,666.2053250863241
LGG_Patient1,Flair,original,LongRunLowGrayLevelEmphasis,0.0686413216831754
LGG_Patient1,Flair,original,LowGrayLevelRunEmphasis,0.01967049823567154
LGG_Patient1,Flair,original,RunEntropy,4.952351953655379
LGG_Patient1,Flair,original,RunLengthNonUniformity,8624.854274341857
LGG_Patient1,Flair,original,RunLengthNonUniformityNormalized,0.5786153876414519
LGG_Patient1,Flair,original,RunPercentage,0.693428334905848
LGG_Patient1,Flair,original,RunVariance,1.0482573793793255
LGG_Patient1,Flair,original,ShortRunEmphasis,0.7870916469858458
LGG_Patient1,Flair,original,ShortRunHighGrayLevelEmphasis,177.75175664174984
LGG_Patient1,Flair,original,ShortRunLowGrayLevelEmphasis,0.014517233879230746
LGG_Patient1,Flair,original,GrayLevelNonUniformity,73.34153846153846
LGG_Patient1,Flair,original,GrayLevelNonUniformityNormalized,0.05641656804733728
LGG_Patient1,Flair,original,GrayLevelVariance,25.24663846153846
LGG_Patient1,Flair,original,HighGrayLevelZoneEmphasis,183.25153846153847
LGG_Patient1,Flair,original,LargeAreaEmphasis,12724.656153846154
LGG_Patient1,Flair,original,LargeAreaHighGrayLevelEmphasis,2467092.162307692
LGG_Patient1,Flair,original,LargeAreaLowGrayLevelEmphasis,130.2151066221417
LGG_Patient1,Flair,original,LowGrayLevelZoneEmphasis,0.02060427973991331
LGG_Patient1,Flair,original,SizeZoneNonUniformity,320.85692307692307
LGG_Patient1,Flair,original,SizeZoneNonUniformityNormalized,0.2468130177514793
LGG_Patient1,Flair,original,SmallAreaEmphasis,0.5063357183066046
LGG_Patient1,Flair,original,SmallAreaHighGrayLevelEmphasis,85.72234743366718
LGG_Patient1,Flair,original,SmallAreaLowGrayLevelEmphasis,0.010038414995195904
LGG_Patient1,Flair,original,ZoneEntropy,6.9006014521798615
LGG_Patient1,Flair,original,ZonePercentage,0.061093096480097746
LGG_Patient1,Flair,original,ZoneVariance,12456.729620710059
LGG_Patient1,Flair,original,Busyness,3.17835962307669
LGG_Patient1,Flair,original,Coarseness,0.0007833785432089347
LGG_Patient1,Flair,original,Complexity,163.63871270362537
LGG_Patient1,Flair,original,Contrast,0.03642076261788076
LGG_Patient1,Flair,original,Strength,0.1869643874053311
LGG_Patient1,T1,original,Elongation,0.7021763612720762
LGG_Patient1,T1,original,Flatness,0.605063382099023
LGG_Patient1,T1,original,LeastAxisLength,35.28015432997122
LGG_Patient1,T1,original,MajorAxisLength,58.30819608944268
LGG_Patient1,T1,original,Maximum2DDiameterColumn,52.61178575186362
LGG_Patient1,T1,original,Maximum2DDiameterRow,47.41307836451879
LGG_Patient1,T1,original,Maximum2DDiameterSlice,55.44366510251645
LGG_Patient1,T1,original,Maximum3DDiameter,57.52390807307862
LGG_Patient1,T1,original,MeshVolume,20997.791666666668
LGG_Patient1,T1,original,MinorAxisLength,40.94263696242357
LGG_Patient1,T1,original,Sphericity,0.29407395191238317
LGG_Patient1,T1,original,SurfaceArea,12516.319718214627
LGG_Patient1,T1,original,SurfaceVolumeRatio,0.5960779074727125
LGG_Patient1,T1,original,VoxelVolume,21279.0
LGG_Patient1,T1,original,10Percentile,208.0
LGG_Patient1,T1,original,90Percentile,344.0
LGG_Patient1,T1,original,Energy,1562900613.0
LGG_Patient1,T1,original,Entropy,3.139176470187507
LGG_Patient1,T1,original,InterquartileRange,86.0
LGG_Patient1,T1,original,Kurtosis,6.058959190331042
LGG_Patient1,T1,original,Maximum,404.0
LGG_Patient1,T1,original,MeanAbsoluteDeviation,48.96923451202813
LGG_Patient1,T1,original,Mean,263.46863104469196
LGG_Patient1,T1,original,Median,261.0
LGG_Patient1,T1,original,Minimum,0.0
LGG_Patient1,T1,original,Range,404.0
LGG_Patient1,T1,original,RobustMeanAbsoluteDeviation,35.251161358170826
LGG_Patient1,T1,original,RootMeanSquared,271.01296866331364
LGG_Patient1,T1,original,Skewness,-0.996621654292225
LGG_Patient1,T1,original,TotalEnergy,1562900613.0
LGG_Patient1,T1,original,Uniformity,0.133449182895653
LGG_Patient1,T1,original,Variance,4032.309639138228
LGG_Patient1,T1,original,Autocorrelation,124.78489064771088
LGG_Patient1,T1,original,ClusterProminence,2585.972339358125
LGG_Patient1,T1,original,ClusterShade,-65.6881345873069
LGG_Patient1,T1,original,ClusterTendency,22.592303936496386
LGG_Patient1,T1,original,Contrast,1.4771431047755743
LGG_Patient1,T1,original,Correlation,0.8768313122776965
LGG_Patient1,T1,original,DifferenceAverage,0.6755764810316597
LGG_Patient1,T1,original,DifferenceEntropy,1.5413652329537153
LGG_Patient1,T1,original,DifferenceVariance,1.0030752772042997
LGG_Patient1,T1,original,Id,0.7386034650158668
LGG_Patient1,T1,original,Idm,0.7236806043268621
LGG_Patient1,T1,original,Idmn,0.9952321479947396
LGG_Patient1,T1,original,Idn,0.9644896426407681
LGG_Patient1,T1,original,Imc1,-0.40262785881758717
LGG_Patient1,T1,original,Imc2,0.9528792543324445
LGG_Patient1,T1,original,InverseVariance,0.38569398243379555
LGG_Patient1,T1,original,JointAverage,10.931852580709537
LGG_Patient1,T1,original,JointEnergy,0.058726412206747444
LGG_Patient1,T1,original,JointEntropy,4.91474362338732
LGG_Patient1,T1,original,MCC,0.9023058288277324
LGG_Patient1,T1,original,MaximumProbability,0.15667085433249703
LGG_Patient1,T1,original,SumAverage,21.863705161419073
LGG_Patient1,T1,original,SumEntropy,3.9908144576637508
LGG_Patient1,T1,original,SumSquares,6.017361760317991
LGG_Patient1,T1,original,DependenceEntropy,7.412392694818671
LGG_Patient1,T1,original,DependenceNonUniformity,985.3487945862117
LGG_Patient1,T1,original,DependenceNonUniformityNormalized,0.04630616074938727
LGG_Patient1,T1,original,DependenceVariance,40.222040590695265
LGG_Patient1,T1,original,GrayLevelNonUniformity,2839.6651628365994
LGG_Patient1,T1,original,GrayLevelVariance,6.427826685802089
LGG_Patient1,T1,original,HighGrayLevelEmphasis,128.7485784106396
LGG_Patient1,T1,original,LargeDependenceEmphasis,187.07716528032333
LGG_Patient1,T1,original,LargeDependenceHighGrayLevelEmphasis,21877.9588796466
LGG_Patient1,T1,original,LargeDependenceLowGrayLevelEmphasis,4.040550582854226
LGG_Patient1,T1,original,LowGrayLevelEmphasis,0.024051703960276515
LGG_Patient1,T1,original,SmallDependenceEmphasis,0.03174522009736826
LGG_Patient1,T1,original,SmallDependenceHighGrayLevelEmphasis,3.5333877497665473
LGG_Patient1,T1,original,SmallDependenceLowGrayLevelEmphasis,0.0009772725061991355
LGG_Patient1,T1,original,GrayLevelNonUniformity,1505.7681173306241
LGG_Patient1,T1,original,GrayLevelNonUniformityNormalized,0.12354012560581316
LGG_Patient1,T1,original,GrayLevelVariance,6.944301593266503
LGG_Patient1,T1,original,HighGrayLevelRunEmphasis,132.9491973136267
LGG_Patient1,T1,original,LongRunEmphasis,5.373661315560326
LGG_Patient1,T1,original,LongRunHighGrayLevelEmphasis,647.3580980133811
LGG_Patient1,T1,original,LongRunLowGrayLevelEmphasis,0.11449871434536299
LGG_Patient1,T1,original,LowGrayLevelRunEmphasis,0.025016851990533558
LGG_Patient1,T1,original,RunEntropy,4.848833346941754
LGG_Patient1,T1,original,RunLengthNonUniformity,5530.3043167018295
LGG_Patient1,T1,original,RunLengthNonUniformityNormalized,0.4463268348151007
LGG_Patient1,T1,original,RunPercentage,0.5723700144960542
LGG_Patient1,T1,original,RunVariance,2.1644712906962162
LGG_Patient1,T1,original,ShortRunEmphasis,0.6897583855136464
LGG_Patient1,T1,original,ShortRunHighGrayLevelEmphasis,92.66233930169818
LGG_Patient1,T1,original,ShortRunLowGrayLevelEmphasis,0.017314025953959443
LGG_Patient1,T1,original,GrayLevelNonUniformity,36.739644970414204
LGG_Patient1,T1,original,GrayLevelNonUniformityNormalized,0.0724647829791207
LGG_Patient1,T1,original,GrayLevelVariance,14.885309804745397
LGG_Patient1,T1,original,HighGrayLevelZoneEmphasis,94.71794871794872
LGG_Patient1,T1,original,LargeAreaEmphasis,56397.63510848126
LGG_Patient1,T1,original,LargeAreaHighGrayLevelEmphasis,6799288.617357002
LGG_Patient1,T1,original,LargeAreaLowGrayLevelEmphasis,681.3571141057058
LGG_Patient1,T1,original,LowGrayLevelZoneEmphasis,0.03975175484177678
LGG_Patient1,T1,original,SizeZoneNonUniformity,129.0552268244576
LGG_Patient1,T1,original,SizeZoneNonUniformityNormalized,0.25454679847033057
LGG_Patient1,T1,original,SmallAreaEmphasis,0.5179302028129716
LGG_Patient1,T1,original,SmallAreaHighGrayLevelEmphasis,43.91091147665623
LGG_Patient1,T1,original,SmallAreaLowGrayLevelEmphasis,0.02029390660872897
LGG_Patient1,T1,original,ZoneEntropy,6.311161446326166
LGG_Patient1,T1,original,ZonePercentage,0.02382630762723812
LGG_Patient1,T1,original,ZoneVariance,54636.119440262366
LGG_Patient1,T1,original,Busyness,4.873976266952037
LGG_Patient1,T1,original,Coarseness,0.0009232877286876966
LGG_Patient1,T1,original,Complexity,57.51960157411863
LGG_Patient1,T1,original,Contrast,0.020892202675239824
LGG_Patient1,T1,original,Strength,0.12532386779506766
LGG_Patient1,T1CE,original,Elongation,0.7021763612720762
LGG_Patient1,T1CE,original,Flatness,0.605063382099023
LGG_Patient1,T1CE,original,LeastAxisLength,35.28015432997122
LGG_Patient1,T1CE,original,MajorAxisLength,58.30819608944268
LGG_Patient1,T1CE,original,Maximum2DDiameterColumn,52.61178575186362
LGG_Patient1,T1CE,original,Maximum2DDiameterRow,47.41307836451879
LGG_Patient1,T1CE,original,Maximum2DDiameterSlice,55.44366510251645
LGG_Patient1,T1CE,original,Maximum3DDiameter,57.52390807307862
LGG_Patient1,T1CE,original,MeshVolume,20997.791666666668
LGG_Patient1,T1CE,original,MinorAxisLength,40.94263696242357
LGG_Patient1,T1CE,original,Sphericity,0.29407395191238317
LGG_Patient1,T1CE,original,SurfaceArea,12516.319718214627
LGG_Patient1,T1CE,original,SurfaceVolumeRatio,0.5960779074727125
LGG_Patient1,T1CE,original,VoxelVolume,21279.0
LGG_Patient1,T1CE,original,10Percentile,149.0
LGG_Patient1,T1CE,original,90Percentile,360.0
LGG_Patient1,T1CE,original,Energy,1502184398.0
LGG_Patient1,T1CE,original,Entropy,3.6605695164552343
LGG_Patient1,T1CE,original,InterquartileRange,153.0
LGG_Patient1,T1CE,original,Kurtosis,2.904679134086308
LGG_Patient1,T1CE,original,Maximum,730.0
LGG_Patient1,T1CE,original,MeanAbsoluteDeviation,77.21159612859607
LGG_Patient1,T1CE,original,Mean,250.00686122468161
LGG_Patient1,T1CE,original,Median,251.0
LGG_Patient1,T1CE,original,Minimum,0.0
LGG_Patient1,T1CE,original,Range,730.0
LGG_Patient1,T1CE,original,RobustMeanAbsoluteDeviation,61.52716491245134
LGG_Patient1,T1CE,original,RootMeanSquared,265.69661177005213
LGG_Patient1,T1CE,original,Skewness,0.006182878662195987
LGG_Patient1,T1CE,original,TotalEnergy,1502184398.0
LGG_Patient1,T1CE,original,Uniformity,0.09301491132733264
LGG_Patient1,T1CE,original,Variance,8091.258846668602
LGG_Patient1,T1CE,original,Autocorrelation,113.58251023420436
LGG_Patient1,T1CE,original,ClusterProminence,5170.898066296173
LGG_Patient1,T1CE,original,ClusterShade,51.58760460109654
LGG_Patient1,T1CE,original,ClusterTendency,45.107315569024074
LGG_Patient1,T1CE,original,Contrast,3.8590209417124237
LGG_Patient1,T1CE,original,Correlation,0.8418847521952384
LGG_Patient1,T1CE,original,DifferenceAverage,1.3118221789535611
LGG_Patient1,T1CE,original,DifferenceEntropy,2.189898678788848
LGG_Patient1,T1CE,original,DifferenceVariance,2.09479900314963
LGG_Patient1,T1CE,original,Id,0.5866652120730386
LGG_Patient1,T1CE,original,Idm,0.5439935238903579
LGG_Patient1,T1CE,original,Idmn,0.9958346829912966
LGG_Patient1,T1CE,original,Idn,0.9600297524547868
LGG_Patient1,T1CE,original,Imc1,-0.2664483978196601
LGG_Patient1,T1CE,original,Imc2,0.9170093757635627
LGG_Patient1,T1CE,original,InverseVariance,0.42309500361749286
LGG_Patient1,T1CE,original,JointAverage,10.162003084418503
LGG_Patient1,T1CE,original,JointEnergy,0.024642672082458662
LGG_Patient1,T1CE,original,JointEntropy,6.216431417560336
LGG_Patient1,T1CE,original,MCC,0.8553446357423626
LGG_Patient1,T1CE,original,MaximumProbability,0.09661293270849548
LGG_Patient1,T1CE,original,SumAverage,20.324006168837002
LGG_Patient1,T1CE,original,SumEntropy,4.526313898588578
LGG_Patient1,T1CE,original,SumSquares,12.24158412768412
LGG_Patient1,T1CE,original,DependenceEntropy,7.438531118428196
LGG_Patient1,T1CE,original,DependenceNonUniformity,1412.0597302504816
LGG_Patient1,T1CE,original,DependenceNonUniformityNormalized,0.0663593087198873
LGG_Patient1,T1CE,original,DependenceVariance,24.699062723944056
LGG_Patient1,T1CE,original,GrayLevelNonUniformity,1979.2642981343108
LGG_Patient1,T1CE,original,GrayLevelVariance,12.94289893886194
LGG_Patient1,T1CE,original,HighGrayLevelEmphasis,123.80116546830209
LGG_Patient1,T1CE,original,LargeDependenceEmphasis,83.94760092109591
LGG_Patient1,T1CE,original,LargeDependenceHighGrayLevelEmphasis,7808.101179566709
LGG_Patient1,T1CE,original,LargeDependenceLowGrayLevelEmphasis,3.617963380881798
LGG_Patient1,T1CE,original,LowGrayLevelEmphasis,0.027172772619700213
LGG_Patient1,T1CE,original,SmallDependenceEmphasis,0.09006094205694096
LGG_Patient1,T1CE,original,SmallDependenceHighGrayLevelEmphasis,13.708834911454284
LGG_Patient1,T1CE,original,SmallDependenceLowGrayLevelEmphasis,0.0014441743600212688
LGG_Patient1,T1CE,original,GrayLevelNonUniformity,1364.284438056035
LGG_Patient1,T1CE,original,GrayLevelNonUniformityNormalized,0.0863522388684044
LGG_Patient1,T1CE,original,GrayLevelVariance,12.572243853945748
LGG_Patient1,T1CE,original,HighGrayLevelRunEmphasis,130.1553061423172
LGG_Patient1,T1CE,original,LongRunEmphasis,2.491354028646258
LGG_Patient1,T1CE,original,LongRunHighGrayLevelEmphasis,278.83760873943334
LGG_Patient1,T1CE,original,LongRunLowGrayLevelEmphasis,0.08223616461756321
LGG_Patient1,T1CE,original,LowGrayLevelRunEmphasis,0.023675816905473393
LGG_Patient1,T1CE,original,RunEntropy,4.757396651687208
LGG_Patient1,T1CE,original,RunLengthNonUniformity,9904.332923701228
LGG_Patient1,T1CE,original,RunLengthNonUniformityNormalized,0.6239354704536303
LGG_Patient1,T1CE,original,RunPercentage,0.7424112613736187
LGG_Patient1,T1CE,original,RunVariance,0.6548728696395403
LGG_Patient1,T1CE,original,ShortRunEmphasis,0.8171371986569516
LGG_Patient1,T1CE,original,ShortRunHighGrayLevelEmphasis,109.54110818998704
LGG_Patient1,T1CE,original,ShortRunLowGrayLevelEmphasis,0.017415512141028724
LGG_Patient1,T1CE,original,GrayLevelNonUniformity,130.20636725412166
LGG_Patient1,T1CE,original,GrayLevelNonUniformityNormalized,0.07402294897903448
LGG_Patient1,T1CE,original,GrayLevelVariance,17.63546591055632
LGG_Patient1,T1CE,original,HighGrayLevelZoneEmphasis,159.2035247299602
LGG_Patient1,T1CE,original,LargeAreaEmphasis,8102.870380898237
LGG_Patient1,T1CE,original,LargeAreaHighGrayLevelEmphasis,740446.6429789653
LGG_Patient1,T1CE,original,LargeAreaLowGrayLevelEmphasis,176.3608461836992
LGG_Patient1,T1CE,original,LowGrayLevelZoneEmphasis,0.016747576246177995
LGG_Patient1,T1CE,original,SizeZoneNonUniformity,547.2171688459351
LGG_Patient1,T1CE,original,SizeZoneNonUniformityNormalized,0.31109560480155496
LGG_Patient1,T1CE,original,SmallAreaEmphasis,0.5780025077569316
LGG_Patient1,T1CE,original,SmallAreaHighGrayLevelEmphasis,96.03138999746166
LGG_Patient1,T1CE,original,SmallAreaLowGrayLevelEmphasis,0.008598866465591163
LGG_Patient1,T1CE,original,ZoneEntropy,6.498899219221036
LGG_Patient1,T1CE,original,ZonePercentage,0.08266365900653226
LGG_Patient1,T1CE,original,ZoneVariance,7956.527786441273
LGG_Patient1,T1CE,original,Busyness,3.5917465051262134
LGG_Patient1,T1CE,original,Coarseness,0.0006821098362817982
LGG_Patient1,T1CE,original,Complexity,347.9975536766188
LGG_Patient1,T1CE,original,Contrast,0.026674758289355963
LGG_Patient1,T1CE,original,Strength,0.3395654863434834
LGG_Patient1,T2,original,Elongation,0.7021763612720762
LGG_Patient1,T2,original,Flatness,0.605063382099023
LGG_Patient1,T2,original,LeastAxisLength,35.28015432997122
LGG_Patient1,T2,original,MajorAxisLength,58.30819608944268
LGG_Patient1,T2,original,Maximum2DDiameterColumn,52.61178575186362
LGG_Patient1,T2,original,Maximum2DDiameterRow,47.41307836451879
LGG_Patient1,T2,original,Maximum2DDiameterSlice,55.44366510251645
LGG_Patient1,T2,original,Maximum3DDiameter,57.52390807307862
LGG_Patient1,T2,original,MeshVolume,20997.791666666668
LGG_Patient1,T2,original,MinorAxisLength,40.94263696242357
LGG_Patient1,T2,original,Sphericity,0.29407395191238317
LGG_Patient1,T2,original,SurfaceArea,12516.319718214627
LGG_Patient1,T2,original,SurfaceVolumeRatio,0.5960779074727125
LGG_Patient1,T2,original,VoxelVolume,21279.0
LGG_Patient1,T2,original,10Percentile,472.0
LGG_Patient1,T2,original,90Percentile,963.0
LGG_Patient1,T2,original,Energy,12310391509.0
LGG_Patient1,T2,original,Entropy,4.719000584399606
LGG_Patient1,T2,original,InterquartileRange,313.0
LGG_Patient1,T2,original,Kurtosis,3.973459225019219
LGG_Patient1,T2,original,Maximum,1049.0
LGG_Patient1,T2,original,MeanAbsoluteDeviation,164.35889239097497
LGG_Patient1,T2,original,Mean,733.5153437661544
LGG_Patient1,T2,original,Median,759.0
LGG_Patient1,T2,original,Minimum,0.0
LGG_Patient1,T2,original,Range,1049.0
LGG_Patient1,T2,original,RobustMeanAbsoluteDeviation,125.01827671219452
LGG_Patient1,T2,original,RootMeanSquared,760.6070127344713
LGG_Patient1,T2,original,Skewness,-0.8981966259777621
LGG_Patient1,T2,original,TotalEnergy,12310391509.0
LGG_Patient1,T2,original,Uniformity,0.04301398828440211
LGG_Patient1,T2,original,Variance,40478.268280476535
LGG_Patient1,T2,original,Autocorrelation,997.5993058375805
LGG_Patient1,T2,original,ClusterProminence,207992.33912496315
LGG_Patient1,T2,original,ClusterShade,-3245.965618065886
LGG_Patient1,T2,original,ClusterTendency,235.31080925388272
LGG_Patient1,T2,original,Contrast,15.684669123789885
LGG_Patient1,T2,original,Correlation,0.8747538490000383
LGG_Patient1,T2,original,DifferenceAverage,2.304502158492048
LGG_Patient1,T2,original,DifferenceEntropy,2.8200886413032173
LGG_Patient1,T2,original,DifferenceVariance,10.140862733243685
LGG_Patient1,T2,original,Id,0.4992892786551206
LGG_Patient1,T2,original,Idm,0.4393822469010607
LGG_Patient1,T2,original,Idmn,0.9921338837592109
LGG_Patient1,T2,original,Idn,0.9520342139009775
LGG_Patient1,T2,original,Imc1,-0.29916301173535403
LGG_Patient1,T2,original,Imc2,0.9629973850907828
LGG_Patient1,T2,original,InverseVariance,0.35381349043857807
LGG_Patient1,T2,original,JointAverage,30.702632739486685
LGG_Patient1,T2,original,JointEnergy,0.009122082830040783
LGG_Patient1,T2,original,JointEntropy,7.903512671705946
LGG_Patient1,T2,original,MCC,0.8997478866184472
LGG_Patient1,T2,original,MaximumProbability,0.050387828683285917
LGG_Patient1,T2,original,SumAverage,61.40526547897337
LGG_Patient1,T2,original,SumEntropy,5.625660957464559
LGG_Patient1,T2,original,SumSquares,62.74886959441813
LGG_Patient1,T2,original,DependenceEntropy,8.091107890171928
LGG_Patient1,T2,original,DependenceNonUniformity,1970.4178297852343
LGG_Patient1,T2,original,DependenceNonUniformityNormalized,0.09259917429321088
LGG_Patient1,T2,original,DependenceVariance,24.584150237369336
LGG_Patient1,T2,original,GrayLevelNonUniformity,915.2946567037925
LGG_Patient1,T2,original,GrayLevelVariance,64.49822190835891
LGG_Patient1,T2,original,HighGrayLevelEmphasis,956.6428873537291
LGG_Patient1,T2,original,LargeDependenceEmphasis,62.50448799285681
LGG_Patient1,T2,original,LargeDependenceHighGrayLevelEmphasis,78553.88871657502
LGG_Patient1,T2,original,LargeDependenceLowGrayLevelEmphasis,1.9336023991777342
LGG_Patient1,T2,original,LowGrayLevelEmphasis,0.014590464390733816
LGG_Patient1,T2,original,SmallDependenceEmphasis,0.13634421627444987
LGG_Patient1,T2,original,SmallDependenceHighGrayLevelEmphasis,103.30361350768776
LGG_Patient1,T2,original,SmallDependenceLowGrayLevelEmphasis,0.0008160279537260682
LGG_Patient1,T2,original,GrayLevelNonUniformity,692.156156800902
LGG_Patient1,T2,original,GrayLevelNonUniformityNormalized,0.040578793525874055
LGG_Patient1,T2,original,GrayLevelVariance,58.630207741576136
LGG_Patient1,T2,original,HighGrayLevelRunEmphasis,910.5793091757164
LGG_Patient1,T2,original,LongRunEmphasis,2.143869486368071
LGG_Patient1,T2,original,LongRunHighGrayLevelEmphasis,2253.37821993513
LGG_Patient1,T2,original,LongRunLowGrayLevelEmphasis,0.041107215969185824
LGG_Patient1,T2,original,LowGrayLevelRunEmphasis,0.011641786171347349
LGG_Patient1,T2,original,RunEntropy,5.523158211401437
LGG_Patient1,T2,original,RunLengthNonUniformity,12485.984077508492
LGG_Patient1,T2,original,RunLengthNonUniformityNormalized,0.7282645304857323
LGG_Patient1,T2,original,RunPercentage,0.8016173403174671
LGG_Patient1,T2,original,RunVariance,0.5645440672735044
LGG_Patient1,T2,original,ShortRunEmphasis,0.8754393821496134
LGG_Patient1,T2,original,ShortRunHighGrayLevelEmphasis,774.4103557471509
LGG_Patient1,T2,original,ShortRunLowGrayLevelEmphasis,0.008425095960949137
LGG_Patient1,T2,original,GrayLevelNonUniformity,128.89282033665407
LGG_Patient1,T2,original,GrayLevelNonUniformityNormalized,0.044277849651890785
LGG_Patient1,T2,original,GrayLevelVariance,50.598222003721766
LGG_Patient1,T2,original,HighGrayLevelZoneEmphasis,723.778770182068
LGG_Patient1,T2,original,LargeAreaEmphasis,1361.8120920645827
LGG_Patient1,T2,original,LargeAreaHighGrayLevelEmphasis,1839742.1408450704
LGG_Patient1,T2,original,LargeAreaLowGrayLevelEmphasis,16.095384893763942
LGG_Patient1,T2,original,LowGrayLevelZoneEmphasis,0.006040857599920077
LGG_Patient1,T2,original,SizeZoneNonUniformity,822.0346959807626
LGG_Patient1,T2,original,SizeZoneNonUniformityNormalized,0.28238910889067764
LGG_Patient1,T2,original,SmallAreaEmphasis,0.5496222427515791
LGG_Patient1,T2,original,SmallAreaHighGrayLevelEmphasis,372.6610181853317
LGG_Patient1,T2,original,SmallAreaLowGrayLevelEmphasis,0.003667227708638949
LGG_Patient1,T2,original,ZoneEntropy,7.333509003137041
LGG_Patient1,T2,original,ZonePercentage,0.13680154142581888
LGG_Patient1,T2,original,ZoneVariance,1308.3780511996752
LGG_Patient1,T2,original,Busyness,0.6095371179996619
LGG_Patient1,T2,original,Coarseness,0.0011220688288257365
LGG_Patient1,T2,original,Complexity,929.7249034504939
LGG_Patient1,T2,original,Contrast,0.0871252760071991
LGG_Patient1,T2,original,Strength,0.9552831945045879
LGG_Patient2,Flair,original,Elongation,0.5906322369535895
LGG_Patient2,Flair,original,Flatness,0.4275763252975417
LGG_Patient2,Flair,original,LeastAxisLength,16.262208513150178
LGG_Patient2,Flair,original,MajorAxisLength,38.033463386527856
LGG_Patient2,Flair,original,Maximum2DDiameterColumn,29.017236257093817
LGG_Patient2,Flair,original,Maximum2DDiameterRow,47.12748667179272
LGG_Patient2,Flair,original,Maximum2DDiameterSlice,40.52159917870962
LGG_Patient2,Flair,original,Maximum3DDiameter,47.968739820845826
LGG_Patient2,Flair,original,MeshVolume,9281.083333333334
LGG_Patient2,Flair,original,MinorAxisLength,22.46378955907739
LGG_Patient2,Flair,original,Sphericity,0.7135258932116187
LGG_Patient2,Flair,original,SurfaceArea,2993.2305423257085
LGG_Patient2,Flair,original,SurfaceVolumeRatio,0.3225087454581317
LGG_Patient2,Flair,original,VoxelVolume,9329.0
LGG_Patient2,Flair,original,10Percentile,212.0
LGG_Patient2,Flair,original,90Percentile,252.0
LGG_Patient2,Flair,original,Energy,511002299.0
LGG_Patient2,Flair,original,Entropy,1.4612222933329095
LGG_Patient2,Flair,original,InterquartileRange,16.0
LGG_Patient2,Flair,original,Kurtosis,5.283115011070829
LGG_Patient2,Flair,original,Maximum,274.0
LGG_Patient2,Flair,original,MeanAbsoluteDeviation,12.450737370703132
LGG_Patient2,Flair,original,Mean,233.37967627827206
LGG_Patient2,Flair,original,Median,236.0
LGG_Patient2,Flair,original,Minimum,154.0
LGG_Patient2,Flair,original,Range,120.0
LGG_Patient2,Flair,original,RobustMeanAbsoluteDeviation,7.313479620272918
LGG_Patient2,Flair,original,RootMeanSquared,234.04204298835162
LGG_Patient2,Flair,original,Skewness,-1.2884468992834694
LGG_Patient2,Flair,original,TotalEnergy,511002299.0
LGG_Patient2,Flair,original,Uniformity,0.4833309952571543
LGG_Patient2,Flair,original,Variance,309.60458641037206
LGG_Patient2,Flair,original,Autocorrelation,15.661467155681017
LGG_Patient2,Flair,original,ClusterProminence,17.78947354994818
LGG_Patient2,Flair,original,ClusterShade,-2.7570887637429227
LGG_Patient2,Flair,original,ClusterTendency,1.7487127195131043
LGG_Patient2,Flair,original,Contrast,0.22531624575554182
LGG_Patient2,Flair,original,Correlation,0.7704493185306475
LGG_Patient2,Flair,original,DifferenceAverage,0.21125683455256924
LGG_Patient2,Flair,original,DifferenceEntropy,0.7639892575564787
LGG_Patient2,Flair,original,DifferenceVariance,0.17862881909084985
LGG_Patient2,Flair,original,Id,0.8966449273712711
LGG_Patient2,Flair,original,Idm,0.8957775238440125
LGG_Patient2,Flair,original,Idmn,0.9914552911265953
LGG_Patient2,Flair,original,Idn,0.9651202832780041
LGG_Patient2,Flair,original,Imc1,-0.4009601678555067
LGG_Patient2,Flair,original,Imc2,0.8111034744387473
LGG_Patient2,Flair,original,InverseVariance,0.19961492719439777
LGG_Patient2,Flair,original,JointAverage,3.909038951836223
LGG_Patient2,Flair,original,JointEnergy,0.3881348639829809
LGG_Patient2,Flair,original,JointEntropy,2.207656380088671
LGG_Patient2,Flair,original,MCC,0.7926186100431933
LGG_Patient2,Flair,original,MaximumProbability,0.6047615818979822
LGG_Patient2,Flair,original,SumAverage,7.818077903672446
LGG_Patient2,Flair,original,SumEntropy,1.9623721038390558
LGG_Patient2,Flair,original,SumSquares,0.49350724131716145
LGG_Patient2,Flair,original,DependenceEntropy,5.374599017070977
LGG_Patient2,Flair,original,DependenceNonUniformity,809.348376031729
LGG_Patient2,Flair,original,DependenceNonUniformityNormalized,0.08675617708561786
LGG_Patient2,Flair,original,DependenceVariance,47.4576893565077
LGG_Patient2,Flair,original,GrayLevelNonUniformity,4508.9948547539925
LGG_Patient2,Flair,original,GrayLevelVariance,0.5602204870373736
LGG_Patient2,Flair,original,HighGrayLevelEmphasis,15.63082859899239
LGG_Patient2,Flair,original,LargeDependenceEmphasis,429.58076964304854
LGG_Patient2,Flair,original,LargeDependenceHighGrayLevelEmphasis,7003.422017365206
LGG_Patient2,Flair,original,LargeDependenceLowGrayLevelEmphasis,29.76595928466788
LGG_Patient2,Flair,original,LowGrayLevelEmphasis,0.08397800764640725
LGG_Patient2,Flair,original,SmallDependenceEmphasis,0.007713741403270067
LGG_Patient2,Flair,original,SmallDependenceHighGrayLevelEmphasis,0.09777161720513391
LGG_Patient2,Flair,original,SmallDependenceLowGrayLevelEmphasis,0.001211405090169151
LGG_Patient2,Flair,original,GrayLevelNonUniformity,796.0412746545892
LGG_Patient2,Flair,original,GrayLevelNonUniformityNormalized,0.2973143375809632
LGG_Patient2,Flair,original,GrayLevelVariance,0.9508986398946809
LGG_Patient2,Flair,original,HighGrayLevelRunEmphasis,14.447939073099821
LGG_Patient2,Flair,original,LongRunEmphasis,28.64417086116085
LGG_Patient2,Flair,original,LongRunHighGrayLevelEmphasis,461.17011389394196
LGG_Patient2,Flair,original,LongRunLowGrayLevelEmphasis,1.9824273433243365
LGG_Patient2,Flair,original,LowGrayLevelRunEmphasis,0.10974750066023721
LGG_Patient2,Flair,original,RunEntropy,4.626358734640276
LGG_Patient2,Flair,original,RunLengthNonUniformity,586.7531667724079
LGG_Patient2,Flair,original,RunLengthNonUniformityNormalized,0.2109884945411202
LGG_Patient2,Flair,original,RunPercentage,0.2866165884710209
LGG_Patient2,Flair,original,RunVariance,14.210559085993518
LGG_Patient2,Flair,original,ShortRunEmphasis,0.4504125760483635
LGG_Patient2,Flair,original,ShortRunHighGrayLevelEmphasis,5.889941572530538
LGG_Patient2,Flair,original,ShortRunLowGrayLevelEmphasis,0.06016088120650027
LGG_Patient2,Flair,original,GrayLevelNonUniformity,11.523809523809524
LGG_Patient2,Flair,original,GrayLevelNonUniformityNormalized,0.2743764172335601
LGG_Patient2,Flair,original,GrayLevelVariance,1.6462585034013606
LGG_Patient2,Flair,original,HighGrayLevelZoneEmphasis,9.80952380952381
LGG_Patient2,Flair,original,LargeAreaEmphasis,963064.0714285715
LGG_Patient2,Flair,original,LargeAreaHighGrayLevelEmphasis,15425064.904761905
LGG_Patient2,Flair,original,LargeAreaLowGrayLevelEmphasis,61436.490800264546
LGG_Patient2,Flair,original,LowGrayLevelZoneEmphasis,0.2743187830687831
LGG_Patient2,Flair,original,SizeZoneNonUniformity,4.904761904761905
LGG_Patient2,Flair,original,SizeZoneNonUniformityNormalized,0.11678004535147392
LGG_Patient2,Flair,original,SmallAreaEmphasis,0.31138698693500927
LGG_Patient2,Flair,original,SmallAreaHighGrayLevelEmphasis,2.8962140146985447
LGG_Patient2,Flair,original,SmallAreaLowGrayLevelEmphasis,0.08655875245693305
LGG_Patient2,Flair,original,ZoneEntropy,4.526495328097792
LGG_Patient2,Flair,original,ZonePercentage,0.004502090256190374
LGG_Patient2,Flair,original,ZoneVariance,913727.2001133786
LGG_Patient2,Flair,original,Busyness,24.3115538676772
LGG_Patient2,Flair,original,Coarseness,0.001735944297974657
LGG_Patient2,Flair,original,Complexity,1.9653743980285256
LGG_Patient2,Flair,original,Contrast,0.010338534065247524
LGG_Patient2,Flair,original,Strength,0.019390556945338925
LGG_Patient2,T1,original,Elongation,0.5906322369535895
LGG_Patient2,T1,original,Flatness,0.4275763252975417
LGG_Patient2,T1,original,LeastAxisLength,16.262208513150178
LGG_Patient2,T1,original,MajorAxisLength,38.033463386527856
LGG_Patient2,T1,original,Maximum2DDiameterColumn,29.017236257093817
LGG_Patient2,T1,original,Maximum2DDiameterRow,47.12748667179272
LGG_Patient2,T1,original,Maximum2DDiameterSlice,40.52159917870962
LGG_Patient2,T1,original,Maximum3DDiameter,47.968739820845826
LGG_Patient2,T1,original,MeshVolume,9281.083333333334
LGG_Patient2,T1,original,MinorAxisLength,22.46378955907739
LGG_Patient2,T1,original,Sphericity,0.7135258932116187
LGG_Patient2,T1,original,SurfaceArea,2993.2305423257085
LGG_Patient2,T1,original,SurfaceVolumeRatio,0.3225087454581317
LGG_Patient2,T1,original,VoxelVolume,9329.0
LGG_Patient2,T1,original,10Percentile,35.0
LGG_Patient2,T1,original,90Percentile,43.0
LGG_Patient2,T1,original,Energy,13981903.0
LGG_Patient2,T1,original,Entropy,0.004194985724188548
LGG_Patient2,T1,original,InterquartileRange,4.0
LGG_Patient2,T1,original,Kurtosis,3.076147811665012
LGG_Patient2,T1,original,Maximum,50.0
LGG_Patient2,T1,original,MeanAbsoluteDeviation,2.359295132826301
LGG_Patient2,T1,original,Mean,38.60381605745525
LGG_Patient2,T1,original,Median,38.0
LGG_Patient2,T1,original,Minimum,30.0
LGG_Patient2,T1,original,Range,20.0
LGG_Patient2,T1,original,RobustMeanAbsoluteDeviation,1.9095940798251365
LGG_Patient2,T1,original,RootMeanSquared,38.713781617483015
LGG_Patient2,T1,original,Skewness,0.5067859165940743
LGG_Patient2,T1,original,TotalEnergy,13981903.0
LGG_Patient2,T1,original,Uniformity,0.9993570510737755
LGG_Patient2,T1,original,Variance,8.502272928326141
LGG_Patient2,T1,original,Autocorrelation,1.000274458928772
LGG_Patient2,T1,original,ClusterProminence,0.00039088906505798976
LGG_Patient2,T1,original,ClusterShade,0.00031913178380772966
LGG_Patient2,T1,original,ClusterTendency,0.0002833652714115793
LGG_Patient2,T1,original,Contrast,0.000247490454917964
LGG_Patient2,T1,original,Correlation,0.03833777454485934
LGG_Patient2,T1,original,DifferenceAverage,0.000247490454917964
LGG_Patient2,T1,original,DifferenceEntropy,0.0032931183338291104
LGG_Patient2,T1,original,DifferenceVariance,0.00024741991278158146
LGG_Patient2,T1,original,Id,0.9998762547725412
LGG_Patient2,T1,original,Idm,0.9998762547725412
LGG_Patient2,T1,original,Idmn,0.9999505019090164
LGG_Patient2,T1,original,Idn,0.9999175031816938
LGG_Patient2,T1,original,Imc1,-0.029930281475597415
LGG_Patient2,T1,original,Imc2,0.004004339763040154
LGG_Patient2,T1,original,InverseVariance,0.000247490454917964
LGG_Patient2,T1,original,JointAverage,1.0001327347187436
LGG_Patient2,T1,original,JointEnergy,0.9994871522240536
LGG_Patient2,T1,original,JointEntropy,0.0036710028238431244
LGG_Patient2,T1,original,MCC,0.038567319114311556
LGG_Patient2,T1,original,MaximumProbability,0.9997435200537973
LGG_Patient2,T1,original,SumAverage,2.0002654694374873
LGG_Patient2,T1,original,SumEntropy,0.00342351236892548
LGG_Patient2,T1,original,SumSquares,0.00013271393158238582
LGG_Patient2,T1,original,DependenceEntropy,2.4694035072142713
LGG_Patient2,T1,original,DependenceNonUniformity,3651.7885089505844
LGG_Patient2,T1,original,DependenceNonUniformityNormalized,0.3914447967574857
LGG_Patient2,T1,original,DependenceVariance,19.34911780837192
LGG_Patient2,T1,original,GrayLevelNonUniformity,9323.001929467253
LGG_Patient2,T1,original,GrayLevelVariance,0.00032147446311219565
LGG_Patient2,T1,original,HighGrayLevelEmphasis,1.0009647336263265
LGG_Patient2,T1,original,LargeDependenceEmphasis,609.2677671776182
LGG_Patient2,T1,original,LargeDependenceHighGrayLevelEmphasis,609.2706613784972
LGG_Patient2,T1,original,LargeDependenceLowGrayLevelEmphasis,609.2670436273984
LGG_Patient2,T1,original,LowGrayLevelEmphasis,0.9997588165934184
LGG_Patient2,T1,original,SmallDependenceEmphasis,0.0021698994213287903
LGG_Patient2,T1,original,SmallDependenceHighGrayLevelEmphasis,0.002652266234492045
LGG_Patient2,T1,original,SmallDependenceLowGrayLevelEmphasis,0.002049307718037977
LGG_Patient2,T1,original,GrayLevelNonUniformity,967.172652853922
LGG_Patient2,T1,original,GrayLevelNonUniformityNormalized,0.9936208684957606
LGG_Patient2,T1,original,GrayLevelVariance,0.0031895657521197724
LGG_Patient2,T1,original,HighGrayLevelRunEmphasis,1.0096021176786076
LGG_Patient2,T1,original,LongRunEmphasis,148.73966040050823
LGG_Patient2,T1,original,LongRunHighGrayLevelEmphasis,148.75015697256964
LGG_Patient2,T1,original,LongRunLowGrayLevelEmphasis,148.7370362574929
LGG_Patient2,T1,original,LowGrayLevelRunEmphasis,0.997599470580348
LGG_Patient2,T1,original,RunEntropy,4.14126682223585
LGG_Patient2,T1,original,RunLengthNonUniformity,64.39702785305074
LGG_Patient2,T1,original,RunLengthNonUniformityNormalized,0.0630667015938815
LGG_Patient2,T1,original,RunPercentage,0.10429842426841034
LGG_Patient2,T1,original,RunVariance,34.80590515609891
LGG_Patient2,T1,original,ShortRunEmphasis,0.10359653757102379
LGG_Patient2,T1,original,ShortRunHighGrayLevelEmphasis,0.11297504165392465
LGG_Patient2,T1,original,ShortRunLowGrayLevelEmphasis,0.10125191155029857
LGG_Patient2,T1,original,GrayLevelNonUniformity,1.6666666666666667
LGG_Patient2,T1,original,GrayLevelNonUniformityNormalized,0.5555555555555556
LGG_Patient2,T1,original,GrayLevelVariance,0.2222222222222222
LGG_Patient2,T1,original,HighGrayLevelZoneEmphasis,3.0
LGG_Patient2,T1,original,LargeAreaEmphasis,28991427.0
LGG_Patient2,T1,original,LargeAreaHighGrayLevelEmphasis,28991432.0
LGG_Patient2,T1,original,LargeAreaLowGrayLevelEmphasis,28991425.75
LGG_Patient2,T1,original,LowGrayLevelZoneEmphasis,0.5
LGG_Patient2,T1,original,SizeZoneNonUniformity,1.0
LGG_Patient2,T1,original,SizeZoneNonUniformityNormalized,0.3333333333333333
LGG_Patient2,T1,original,SmallAreaEmphasis,0.41666667049921746
LGG_Patient2,T1,original,SmallAreaHighGrayLevelEmphasis,1.6666666704992175
LGG_Patient2,T1,original,SmallAreaLowGrayLevelEmphasis,0.1041666704992175
LGG_Patient2,T1,original,ZoneEntropy,1.5849625007211552
LGG_Patient2,T1,original,ZonePercentage,0.0003215778754421696
LGG_Patient2,T1,original,ZoneVariance,19321400.222222224
LGG_Patient2,T1,original,Busyness,0.959932907942804
LGG_Patient2,T1,original,Coarseness,0.5213727214442431
LGG_Patient2,T1,original,Complexity,0.00041119383787651157
LGG_Patient2,T1,original,Contrast,1.6298372436165758e-07
LGG_Patient2,T1,original,Strength,0.42286052492430026
LGG_Patient2,T1CE,original,Elongation,0.5906322369535895
LGG_Patient2,T1CE,original,Flatness,0.4275763252975417
LGG_Patient2,T1CE,original,LeastAxisLength,16.262208513150178
LGG_Patient2,T1CE,original,MajorAxisLength,38.033463386527856
LGG_Patient2,T1CE,original,Maximum2DDiameterColumn,29.017236257093817
LGG_Patient2,T1CE,original,Maximum2DDiameterRow,47.12748667179272
LGG_Patient2,T1CE,original,Maximum2DDiameterSlice,40.52159917870962
LGG_Patient2,T1CE,original,Maximum3DDiameter,47.968739820845826
LGG_Patient2,T1CE,original,MeshVolume,9281.083333333334
LGG_Patient2,T1CE,original,MinorAxisLength,22.46378955907739
LGG_Patient2,T1CE,original,Sphericity,0.7135258932116187
LGG_Patient2,T1CE,original,SurfaceArea,2993.2305423257085
LGG_Patient2,T1CE,original,SurfaceVolumeRatio,0.3225087454581317
LGG_Patient2,T1CE,original,VoxelVolume,9329.0
LGG_Patient2,T1CE,original,10Percentile,35.0
LGG_Patient2,T1CE,original,90Percentile,43.0
LGG_Patient2,T1CE,original,Energy,14176427.0
LGG_Patient2,T1CE,original,Entropy,0.0065965735818404635
LGG_Patient2,T1CE,original,InterquartileRange,4.0
LGG_Patient2,T1CE,original,Kurtosis,2.9959413098246723
LGG_Patient2,T1CE,original,Maximum,51.0
LGG_Patient2,T1CE,original,MeanAbsoluteDeviation,2.4253351200073086
LGG_Patient2,T1CE,original,Mean,38.86343659556223
LGG_Patient2,T1CE,original,Median,39.0
LGG_Patient2,T1CE,original,Minimum,30.0
LGG_Patient2,T1CE,original,Range,21.0
LGG_Patient2,T1CE,original,RobustMeanAbsoluteDeviation,1.907495471574456
LGG_Patient2,T1CE,original,RootMeanSquared,38.982155216718546
LGG_Patient2,T1CE,original,Skewness,0.3566050491404133
LGG_Patient2,T1CE,original,TotalEnergy,14176427.0
LGG_Patient2,T1CE,original,Uniformity,0.9989286482614703
LGG_Patient2,T1CE,original,Variance,9.241721323051376
LGG_Patient2,T1CE,original,Autocorrelation,1.0007173468195059
LGG_Patient2,T1CE,original,ClusterProminence,0.0009641827443360518
LGG_Patient2,T1CE,original,ClusterShade,0.000811583102094592
LGG_Patient2,T1CE,original,ClusterTendency,0.0007360067457756245
LGG_Patient2,T1CE,original,Contrast,0.0006598342386288971
LGG_Patient2,T1CE,original,Correlation,0.0509520135495809
LGG_Patient2,T1CE,original,DifferenceAverage,0.0006598342386288971
LGG_Patient2,T1CE,original,DifferenceEntropy,0.007879822081547508
LGG_Patient2,T1CE,original,DifferenceVariance,0.0006593615268821742
LGG_Patient2,T1CE,original,Id,0.9996700828806856
LGG_Patient2,T1CE,original,Idm,0.9996700828806856
LGG_Patient2,T1CE,original,Idmn,0.9998680331522742
LGG_Patient2,T1CE,original,Idn,0.9997800552537903
LGG_Patient2,T1CE,original,Imc1,-0.0426438316492559
LGG_Patient2,T1CE,original,Imc2,0.006143422743880545
LGG_Patient2,T1CE,original,InverseVariance,0.0006598342386288971
LGG_Patient2,T1CE,original,JointAverage,1.0003490879796066
LGG_Patient2,T1CE,original,JointEnergy,0.9986427179809156
LGG_Patient2,T1CE,original,JointEntropy,0.008796784358287103
LGG_Patient2,T1CE,original,MCC,0.05159291094411697
LGG_Patient2,T1CE,original,MaximumProbability,0.9993209949010787
LGG_Patient2,T1CE,original,SumAverage,2.0006981759592133
LGG_Patient2,T1CE,original,SumEntropy,0.008136950119658527
LGG_Patient2,T1CE,original,SumSquares,0.00034896024610113046
LGG_Patient2,T1CE,original,DependenceEntropy,2.476859000170817
LGG_Patient2,T1CE,original,DependenceNonUniformity,3635.4397041483544
LGG_Patient2,T1CE,original,DependenceNonUniformityNormalized,0.3896923254527125
LGG_Patient2,T1CE,original,DependenceVariance,19.480001623803386
LGG_Patient2,T1CE,original,GrayLevelNonUniformity,9319.005359631257
LGG_Patient2,T1CE,original,GrayLevelVariance,0.0005356758692647996
LGG_Patient2,T1CE,original,HighGrayLevelEmphasis,1.001607889377211
LGG_Patient2,T1CE,original,LargeDependenceEmphasis,608.930110408404
LGG_Patient2,T1CE,original,LargeDependenceHighGrayLevelEmphasis,608.9355772322864
LGG_Patient2,T1CE,original,LargeDependenceLowGrayLevelEmphasis,608.9287437024333
LGG_Patient2,T1CE,original,LowGrayLevelEmphasis,0.9995980276556973
LGG_Patient2,T1CE,original,SmallDependenceEmphasis,0.0022243426198350616
LGG_Patient2,T1CE,original,SmallDependenceHighGrayLevelEmphasis,0.002867498370719401
LGG_Patient2,T1CE,original,SmallDependenceLowGrayLevelEmphasis,0.0020635536821139774
LGG_Patient2,T1CE,original,GrayLevelNonUniformity,966.8221032826198
LGG_Patient2,T1CE,original,GrayLevelNonUniformityNormalized,0.9893475025265168
LGG_Patient2,T1CE,original,GrayLevelVariance,0.005326248736741703
LGG_Patient2,T1CE,original,HighGrayLevelRunEmphasis,1.0160737931261326
LGG_Patient2,T1CE,original,LongRunEmphasis,147.8441023598735
LGG_Patient2,T1CE,original,LongRunHighGrayLevelEmphasis,147.86123634854678
LGG_Patient2,T1CE,original,LongRunLowGrayLevelEmphasis,147.8398188627052
LGG_Patient2,T1CE,original,LowGrayLevelRunEmphasis,0.9959815517184669
LGG_Patient2,T1CE,original,RunEntropy,4.14933933644615
LGG_Patient2,T1CE,original,RunLengthNonUniformity,64.62683259251818
LGG_Patient2,T1CE,original,RunLengthNonUniformityNormalized,0.06310927777581815
LGG_Patient2,T1CE,original,RunPercentage,0.10466947566315128
LGG_Patient2,T1CE,original,RunVariance,35.03935098709471
LGG_Patient2,T1CE,original,ShortRunEmphasis,0.10626560641938736
LGG_Patient2,T1CE,original,ShortRunHighGrayLevelEmphasis,0.12207435065872511
LGG_Patient2,T1CE,original,ShortRunLowGrayLevelEmphasis,0.10231342035955295
LGG_Patient2,T1CE,original,GrayLevelNonUniformity,2.5
LGG_Patient2,T1CE,original,GrayLevelNonUniformityNormalized,0.625
LGG_Patient2,T1CE,original,GrayLevelVariance,0.1875
LGG_Patient2,T1CE,original,HighGrayLevelZoneEmphasis,3.25
LGG_Patient2,T1CE,original,LargeAreaEmphasis,21734246.25
LGG_Patient2,T1CE,original,LargeAreaHighGrayLevelEmphasis,21734253.0
LGG_Patient2,T1CE,original,LargeAreaLowGrayLevelEmphasis,21734244.5625
LGG_Patient2,T1CE,original,LowGrayLevelZoneEmphasis,0.4375
LGG_Patient2,T1CE,original,SizeZoneNonUniformity,1.5
LGG_Patient2,T1CE,original,SizeZoneNonUniformityNormalized,0.375
LGG_Patient2,T1CE,original,SmallAreaEmphasis,0.3750000028756464
LGG_Patient2,T1CE,original,SmallAreaHighGrayLevelEmphasis,1.5000000028756464
LGG_Patient2,T1CE,original,SmallAreaLowGrayLevelEmphasis,0.09375000287564637
LGG_Patient2,T1CE,original,ZoneEntropy,1.4999999999999991
LGG_Patient2,T1CE,original,ZonePercentage,0.0004287705005895594
LGG_Patient2,T1CE,original,ZoneVariance,16294856.1875
LGG_Patient2,T1CE,original,Busyness,1.8907698323097157
LGG_Patient2,T1CE,original,Coarseness,0.2648684312953901
LGG_Patient2,T1CE,original,Complexity,0.0008094028014070508
LGG_Patient2,T1CE,original,Contrast,4.868679094370081e-07
LGG_Patient2,T1CE,original,Strength,0.2358771302918786
LGG_Patient2,T2,original,Elongation,0.5906322369535895
LGG_Patient2,T2,original,Flatness,0.4275763252975417
LGG_Patient2,T2,original,LeastAxisLength,16.262208513150178
LGG_Patient2,T2,original,MajorAxisLength,38.033463386527856
LGG_Patient2,T2,original,Maximum2DDiameterColumn,29.017236257093817
LGG_Patient2,T2,original,Maximum2DDiameterRow,47.12748667179272
LGG_Patient2,T2,original,Maximum2DDiameterSlice,40.52159917870962
LGG_Patient2,T2,original,Maximum3DDiameter,47.968739820845826
LGG_Patient2,T2,original,MeshVolume,9281.083333333334
LGG_Patient2,T2,original,MinorAxisLength,22.46378955907739
LGG_Patient2,T2,original,Sphericity,0.7135258932116187
LGG_Patient2,T2,original,SurfaceArea,2993.2305423257085
LGG_Patient2,T2,original,SurfaceVolumeRatio,0.3225087454581317
LGG_Patient2,T2,original,VoxelVolume,9329.0
LGG_Patient2,T2,original,10Percentile,622.0
LGG_Patient2,T2,original,90Percentile,882.0
LGG_Patient2,T2,original,Energy,5646229164.0
LGG_Patient2,T2,original,Entropy,3.9155276368483483
LGG_Patient2,T2,original,InterquartileRange,120.0
LGG_Patient2,T2,original,Kurtosis,3.1195933304142063
LGG_Patient2,T2,original,Maximum,1062.0
LGG_Patient2,T2,original,MeanAbsoluteDeviation,77.38098089375623
LGG_Patient2,T2,original,Mean,771.7487404866545
LGG_Patient2,T2,original,Median,790.0
LGG_Patient2,T2,original,Minimum,439.0
LGG_Patient2,T2,original,Range,623.0
LGG_Patient2,T2,original,RobustMeanAbsoluteDeviation,52.44163951633651
LGG_Patient2,T2,original,RootMeanSquared,777.9679468158778
LGG_Patient2,T2,original,Skewness,-0.7131299501836385
LGG_Patient2,T2,original,TotalEnergy,5646229164.0
LGG_Patient2,T2,original,Uniformity,0.07941571711837497
LGG_Patient2,T2,original,Variance,9638.007830174802
LGG_Patient2,T2,original,Autocorrelation,230.03912675103157
LGG_Patient2,T2,original,ClusterProminence,9028.37402576441
LGG_Patient2,T2,original,ClusterShade,-291.0298865936294
LGG_Patient2,T2,original,ClusterTendency,51.36986814658337
LGG_Patient2,T2,original,Contrast,3.5949467381480065
LGG_Patient2,T2,original,Correlation,0.8683223969927739
LGG_Patient2,T2,original,DifferenceAverage,1.3505665264483953
LGG_Patient2,T2,original,DifferenceEntropy,2.1568331227484254
LGG_Patient2,T2,original,DifferenceVariance,1.7038667429174401
LGG_Patient2,T2,original,Id,0.5624664006312204
LGG_Patient2,T2,original,Idm,0.5155002338378454
LGG_Patient2,T2,original,Idmn,0.9948077714701802
LGG_Patient2,T2,original,Idn,0.9527362696318528
LGG_Patient2,T2,original,Imc1,-0.2809630950203459
LGG_Patient2,T2,original,Imc2,0.9319547078544204
LGG_Patient2,T2,original,InverseVariance,0.44122892369622535
LGG_Patient2,T2,original,JointAverage,14.767855785476701
LGG_Patient2,T2,original,JointEnergy,0.017025353343186868
LGG_Patient2,T2,original,JointEntropy,6.57983553058609
LGG_Patient2,T2,original,MCC,0.8752696387659391
LGG_Patient2,T2,original,MaximumProbability,0.044316257015126835
LGG_Patient2,T2,original,SumAverage,29.535711570953403
LGG_Patient2,T2,original,SumEntropy,4.7701749378868605
LGG_Patient2,T2,original,SumSquares,13.741203721182849
LGG_Patient2,T2,original,DependenceEntropy,7.619712745619192
LGG_Patient2,T2,original,DependenceNonUniformity,686.6040304427055
LGG_Patient2,T2,original,DependenceNonUniformityNormalized,0.073598888459932
LGG_Patient2,T2,original,DependenceVariance,17.677860572625555
LGG_Patient2,T2,original,GrayLevelNonUniformity,740.8692249973202
LGG_Patient2,T2,original,GrayLevelVariance,15.520289803632739
LGG_Patient2,T2,original,HighGrayLevelEmphasis,222.47422017365204
LGG_Patient2,T2,original,LargeDependenceEmphasis,73.08768356737056
LGG_Patient2,T2,original,LargeDependenceHighGrayLevelEmphasis,18390.57498124129
LGG_Patient2,T2,original,LargeDependenceLowGrayLevelEmphasis,0.3992263040480495
LGG_Patient2,T2,original,LowGrayLevelEmphasis,0.008033866637124635
LGG_Patient2,T2,original,SmallDependenceEmphasis,0.0678909610241955
LGG_Patient2,T2,original,SmallDependenceHighGrayLevelEmphasis,11.588062109847137
LGG_Patient2,T2,original,SmallDependenceLowGrayLevelEmphasis,0.0010829092167046613
LGG_Patient2,T2,original,GrayLevelNonUniformity,519.5237249895227
LGG_Patient2,T2,original,GrayLevelNonUniformityNormalized,0.07397125733685153
LGG_Patient2,T2,original,GrayLevelVariance,16.581141282047035
LGG_Patient2,T2,original,HighGrayLevelRunEmphasis,215.13096526185
LGG_Patient2,T2,original,LongRunEmphasis,2.361502175764539
LGG_Patient2,T2,original,LongRunHighGrayLevelEmphasis,548.9413896586404
LGG_Patient2,T2,original,LongRunLowGrayLevelEmphasis,0.0166440909472707
LGG_Patient2,T2,original,LowGrayLevelRunEmphasis,0.008702268398165378
LGG_Patient2,T2,original,RunEntropy,5.006801044616223
LGG_Patient2,T2,original,RunLengthNonUniformity,4430.232148995489
LGG_Patient2,T2,original,RunLengthNonUniformityNormalized,0.626843270291024
LGG_Patient2,T2,original,RunPercentage,0.752162405072685
LGG_Patient2,T2,original,RunVariance,0.5606982936910266
LGG_Patient2,T2,original,ShortRunEmphasis,0.8183620448598355
LGG_Patient2,T2,original,ShortRunHighGrayLevelEmphasis,171.07171432139032
LGG_Patient2,T2,original,ShortRunLowGrayLevelEmphasis,0.007551042412788016
LGG_Patient2,T2,original,GrayLevelNonUniformity,30.600790513833992
LGG_Patient2,T2,original,GrayLevelNonUniformityNormalized,0.06047587058069959
LGG_Patient2,T2,original,GrayLevelVariance,23.782846943398585
LGG_Patient2,T2,original,HighGrayLevelZoneEmphasis,147.36166007905138
LGG_Patient2,T2,original,LargeAreaEmphasis,10939.132411067194
LGG_Patient2,T2,original,LargeAreaHighGrayLevelEmphasis,2796495.9486166006
LGG_Patient2,T2,original,LargeAreaLowGrayLevelEmphasis,46.63280008605922
LGG_Patient2,T2,original,LowGrayLevelZoneEmphasis,0.020869156863871273
LGG_Patient2,T2,original,SizeZoneNonUniformity,113.98418972332016
LGG_Patient2,T2,original,SizeZoneNonUniformityNormalized,0.2252651970816604
LGG_Patient2,T2,original,SmallAreaEmphasis,0.48233252483823297
LGG_Patient2,T2,original,SmallAreaHighGrayLevelEmphasis,72.57890553379752
LGG_Patient2,T2,original,SmallAreaLowGrayLevelEmphasis,0.011854240402732382
LGG_Patient2,T2,original,ZoneEntropy,6.798171182036591
LGG_Patient2,T2,original,ZonePercentage,0.05423946832457927
LGG_Patient2,T2,original,ZoneVariance,10599.21833257823
LGG_Patient2,T2,original,Busyness,0.9824688072949292
LGG_Patient2,T2,original,Coarseness,0.002203979562218946
LGG_Patient2,T2,original,Complexity,205.43568705244942
LGG_Patient2,T2,original,Contrast,0.03461205089883647
LGG_Patient2,T2,original,Strength,0.5579885784474792
LGG_Patient3,Flair,original,Elongation,0.7563908175691498
LGG_Patient3,Flair,original,Flatness,0.5729322319015553
LGG_Patient3,Flair,original,LeastAxisLength,41.50238984423229
LGG_Patient3,Flair,original,MajorAxisLength,72.43856696015574
LGG_Patient3,Flair,original,Maximum2DDiameterColumn,65.14598989960932
LGG_Patient3,Flair,original,Maximum2DDiameterRow,86.02325267042627
LGG_Patient3,Flair,original,Maximum2DDiameterSlice,82.21921916437786
LGG_Patient3,Flair,original,Maximum3DDiameter,87.20665112249179
LGG_Patient3,Flair,original,MeshVolume,91133.66666666667
LGG_Patient3,Flair,original,MinorAxisLength,54.79186688652981
LGG_Patient3,Flair,original,Sphericity,0.22923175468136403
LGG_Patient3,Flair,original,SurfaceArea,42723.016450493946
LGG_Patient3,Flair,original,SurfaceVolumeRatio,0.46879510079144493
LGG_Patient3,Flair,original,VoxelVolume,91102.0
LGG_Patient3,Flair,original,10Percentile,403.0
LGG_Patient3,Flair,original,90Percentile,481.0
LGG_Patient3,Flair,original,Energy,17743353989.0
LGG_Patient3,Flair,original,Entropy,2.5170109388610418
LGG_Patient3,Flair,original,InterquartileRange,42.0
LGG_Patient3,Flair,original,Kurtosis,37.16323833287746
LGG_Patient3,Flair,original,Maximum,575.0
LGG_Patient3,Flair,original,MeanAbsoluteDeviation,29.43467210659156
LGG_Patient3,Flair,original,Mean,438.4741169238875
LGG_Patient3,Flair,original,Median,444.0
LGG_Patient3,Flair,original,Minimum,0.0
LGG_Patient3,Flair,original,Range,575.0
LGG_Patient3,Flair,original,RobustMeanAbsoluteDeviation,17.348386887851966
LGG_Patient3,Flair,original,RootMeanSquared,441.3202980921134
LGG_Patient3,Flair,original,Skewness,-4.509288067131157
LGG_Patient3,Flair,original,TotalEnergy,17743353989.0
LGG_Patient3,Flair,original,Uniformity,0.21976878731527788
LGG_Patient3,Flair,original,Variance,2504.0542959288114
LGG_Patient3,Flair,original,Autocorrelation,328.4150536364541
LGG_Patient3,Flair,original,ClusterProminence,6208.4099347460815
LGG_Patient3,Flair,original,ClusterShade,-200.23631992418728
LGG_Patient3,Flair,original,ClusterTendency,13.18319312879443
LGG_Patient3,Flair,original,Contrast,1.0793295785157988
LGG_Patient3,Flair,original,Correlation,0.8474391246800077
LGG_Patient3,Flair,original,DifferenceAverage,0.5233154835114854
LGG_Patient3,Flair,original,DifferenceEntropy,1.2884586376035805
LGG_Patient3,Flair,original,DifferenceVariance,0.7962075031242648
LGG_Patient3,Flair,original,Id,0.7787285167666792
LGG_Patient3,Flair,original,Idm,0.7715010323935984
LGG_Patient3,Flair,original,Idmn,0.9982778147941757
LGG_Patient3,Flair,original,Idn,0.9797589946587102
LGG_Patient3,Flair,original,Imc1,-0.3637467434936762
LGG_Patient3,Flair,original,Imc2,0.9079163345002884
LGG_Patient3,Flair,original,InverseVariance,0.3760268105263402
LGG_Patient3,Flair,original,JointAverage,18.038526965374807
LGG_Patient3,Flair,original,JointEnergy,0.09986956696340304
LGG_Patient3,Flair,original,JointEntropy,4.065653018176292
LGG_Patient3,Flair,original,MCC,0.8889292609317127
LGG_Patient3,Flair,original,MaximumProbability,0.18388390841782626
LGG_Patient3,Flair,original,SumAverage,36.077053930749614
LGG_Patient3,Flair,original,SumEntropy,3.358116671622156
LGG_Patient3,Flair,original,SumSquares,3.5656306768275567
LGG_Patient3,Flair,original,DependenceEntropy,7.079550428426483
LGG_Patient3,Flair,original,DependenceNonUniformity,3800.4278061952537
LGG_Patient3,Flair,original,DependenceNonUniformityNormalized,0.04171618412543362
LGG_Patient3,Flair,original,DependenceVariance,41.48791707946474
LGG_Patient3,Flair,original,GrayLevelNonUniformity,20021.376061996445
LGG_Patient3,Flair,original,GrayLevelVariance,4.0008753037982885
LGG_Patient3,Flair,original,HighGrayLevelEmphasis,330.2528484555773
LGG_Patient3,Flair,original,LargeDependenceEmphasis,235.31487782924634
LGG_Patient3,Flair,original,LargeDependenceHighGrayLevelEmphasis,78062.67953502668
LGG_Patient3,Flair,original,LargeDependenceLowGrayLevelEmphasis,2.1440130823084504
LGG_Patient3,Flair,original,LowGrayLevelEmphasis,0.008730940516276047
LGG_Patient3,Flair,original,SmallDependenceEmphasis,0.02486050215819563
LGG_Patient3,Flair,original,SmallDependenceHighGrayLevelEmphasis,7.504989416982187
LGG_Patient3,Flair,original,SmallDependenceLowGrayLevelEmphasis,0.00025635091321851467
LGG_Patient3,Flair,original,GrayLevelNonUniformity,9120.681069690321
LGG_Patient3,Flair,original,GrayLevelNonUniformityNormalized,0.19845139191135133
LGG_Patient3,Flair,original,GrayLevelVariance,4.60200491931854
LGG_Patient3,Flair,original,HighGrayLevelRunEmphasis,328.43069496214605
LGG_Patient3,Flair,original,LongRunEmphasis,7.820286696053946
LGG_Patient3,Flair,original,LongRunHighGrayLevelEmphasis,2591.0573571054915
LGG_Patient3,Flair,original,LongRunLowGrayLevelEmphasis,0.06610517127363968
LGG_Patient3,Flair,original,LowGrayLevelRunEmphasis,0.00856757461124983
LGG_Patient3,Flair,original,RunEntropy,4.616245421138059
LGG_Patient3,Flair,original,RunLengthNonUniformity,17931.297777684824
LGG_Patient3,Flair,original,RunLengthNonUniformityNormalized,0.3810595512956292
LGG_Patient3,Flair,original,RunPercentage,0.5029932636790883
LGG_Patient3,Flair,original,RunVariance,3.3957650702498787
LGG_Patient3,Flair,original,ShortRunEmphasis,0.6312045543765794
LGG_Patient3,Flair,original,ShortRunHighGrayLevelEmphasis,206.0843263379337
LGG_Patient3,Flair,original,ShortRunLowGrayLevelEmphasis,0.004981190182491976
LGG_Patient3,Flair,original,GrayLevelNonUniformity,143.416149068323
LGG_Patient3,Flair,original,GrayLevelNonUniformityNormalized,0.0890783534585857
LGG_Patient3,Flair,original,GrayLevelVariance,16.741317464603988
LGG_Patient3,Flair,original,HighGrayLevelZoneEmphasis,284.0130434782609
LGG_Patient3,Flair,original,LargeAreaEmphasis,1033844.8857142857
LGG_Patient3,Flair,original,LargeAreaHighGrayLevelEmphasis,351387219.33229816
LGG_Patient3,Flair,original,LargeAreaLowGrayLevelEmphasis,3218.1074959246125
LGG_Patient3,Flair,original,LowGrayLevelZoneEmphasis,0.011823093158950367
LGG_Patient3,Flair,original,SizeZoneNonUniformity,448.3975155279503
LGG_Patient3,Flair,original,SizeZoneNonUniformityNormalized,0.2785077736198449
LGG_Patient3,Flair,original,SmallAreaEmphasis,0.537445207917743
LGG_Patient3,Flair,original,SmallAreaHighGrayLevelEmphasis,144.6179613411214
LGG_Patient3,Flair,original,SmallAreaLowGrayLevelEmphasis,0.007759690571710425
LGG_Patient3,Flair,original,ZoneEntropy,6.281767804900227
LGG_Patient3,Flair,original,ZonePercentage,0.017672498957212793
LGG_Patient3,Flair,original,ZoneVariance,1030643.0129454883
LGG_Patient3,Flair,original,Busyness,9.805240017047952
LGG_Patient3,Flair,original,Coarseness,0.00014237738776034045
LGG_Patient3,Flair,original,Complexity,134.20602076464857
LGG_Patient3,Flair,original,Contrast,0.005879706828182451
LGG_Patient3,Flair,original,Strength,0.10763162167738259
LGG_Patient3,T1,original,Elongation,0.7563908175691498
LGG_Patient3,T1,original,Flatness,0.5729322319015553
LGG_Patient3,T1,original,LeastAxisLength,41.50238984423229
LGG_Patient3,T1,original,MajorAxisLength,72.43856696015574
LGG_Patient3,T1,original,Maximum2DDiameterColumn,65.14598989960932
LGG_Patient3,T1,original,Maximum2DDiameterRow,86.02325267042627
LGG_Patient3,T1,original,Maximum2DDiameterSlice,82.21921916437786
LGG_Patient3,T1,original,Maximum3DDiameter,87.20665112249179
LGG_Patient3,T1,original,MeshVolume,91133.66666666667
LGG_Patient3,T1,original,MinorAxisLength,54.79186688652981
LGG_Patient3,T1,original,Sphericity,0.22923175468136403
LGG_Patient3,T1,original,SurfaceArea,42723.016450493946
LGG_Patient3,T1,original,SurfaceVolumeRatio,0.46879510079144493
LGG_Patient3,T1,original,VoxelVolume,91102.0
LGG_Patient3,T1,original,10Percentile,207.0
LGG_Patient3,T1,original,90Percentile,285.0
LGG_Patient3,T1,original,Energy,5651485461.0
LGG_Patient3,T1,original,Entropy,2.3281397631218854
LGG_Patient3,T1,original,InterquartileRange,42.0
LGG_Patient3,T1,original,Kurtosis,3.299890141418895
LGG_Patient3,T1,original,Maximum,370.0
LGG_Patient3,T1,original,MeanAbsoluteDeviation,24.074557477272787
LGG_Patient3,T1,original,Mean,247.25139953019692
LGG_Patient3,T1,original,Median,248.0
LGG_Patient3,T1,original,Minimum,0.0
LGG_Patient3,T1,original,Range,370.0
LGG_Patient3,T1,original,RobustMeanAbsoluteDeviation,17.46956610509605
LGG_Patient3,T1,original,RootMeanSquared,249.06766637289226
LGG_Patient3,T1,original,Skewness,0.13443072946484658
LGG_Patient3,T1,original,TotalEnergy,5651485461.0
LGG_Patient3,T1,original,Uniformity,0.22926128032335674
LGG_Patient3,T1,original,Variance,901.4478627973031
LGG_Patient3,T1,original,Autocorrelation,108.86089994446215
LGG_Patient3,T1,original,ClusterProminence,89.38306908626986
LGG_Patient3,T1,original,ClusterShade,2.317221645585931
LGG_Patient3,T1,original,ClusterTendency,5.5854515387361285
LGG_Patient3,T1,original,Contrast,0.29930021044087457
LGG_Patient3,T1,original,Correlation,0.898187129370222
LGG_Patient3,T1,original,DifferenceAverage,0.28057522097889714
LGG_Patient3,T1,original,DifferenceEntropy,0.8797405622696496
LGG_Patient3,T1,original,DifferenceVariance,0.21843086299454767
LGG_Patient3,T1,original,Id,0.8619579965284614
LGG_Patient3,T1,original,Idm,0.8612734919856353
LGG_Patient3,T1,original,Idmn,0.998684816214448
LGG_Patient3,T1,original,Idn,0.982525823228447
LGG_Patient3,T1,original,Imc1,-0.5210808090775658
LGG_Patient3,T1,original,Imc2,0.9522154284561158
LGG_Patient3,T1,original,InverseVariance,0.27031478401118575
LGG_Patient3,T1,original,JointAverage,10.370105904566259
LGG_Patient3,T1,original,JointEnergy,0.1349924044513637
LGG_Patient3,T1,original,JointEntropy,3.407192199026928
LGG_Patient3,T1,original,MCC,0.9119001124237717
LGG_Patient3,T1,original,MaximumProbability,0.22607107129045223
LGG_Patient3,T1,original,SumAverage,20.740211809132518
LGG_Patient3,T1,original,SumEntropy,3.0909446318813543
LGG_Patient3,T1,original,SumSquares,1.4711879372942511
LGG_Patient3,T1,original,DependenceEntropy,6.820259089197277
LGG_Patient3,T1,original,DependenceNonUniformity,4094.244429320981
LGG_Patient3,T1,original,DependenceNonUniformityNormalized,0.04494132323462691
LGG_Patient3,T1,original,DependenceVariance,40.6728725320311
LGG_Patient3,T1,original,GrayLevelNonUniformity,20886.16116001844
LGG_Patient3,T1,original,GrayLevelVariance,1.5155749373049419
LGG_Patient3,T1,original,HighGrayLevelEmphasis,109.95663102895655
LGG_Patient3,T1,original,LargeDependenceEmphasis,334.25823801892386
LGG_Patient3,T1,original,LargeDependenceHighGrayLevelEmphasis,35900.102862725296
LGG_Patient3,T1,original,LargeDependenceLowGrayLevelEmphasis,3.271879749649747
LGG_Patient3,T1,original,LowGrayLevelEmphasis,0.009702475108318991
LGG_Patient3,T1,original,SmallDependenceEmphasis,0.011030846287931497
LGG_Patient3,T1,original,SmallDependenceHighGrayLevelEmphasis,1.228648119559562
LGG_Patient3,T1,original,SmallDependenceLowGrayLevelEmphasis,0.0001335878237129796
LGG_Patient3,T1,original,GrayLevelNonUniformity,7572.228815785965
LGG_Patient3,T1,original,GrayLevelNonUniformityNormalized,0.21906084538283505
LGG_Patient3,T1,original,GrayLevelVariance,1.7208651903186873
LGG_Patient3,T1,original,HighGrayLevelRunEmphasis,112.3292414272142
LGG_Patient3,T1,original,LongRunEmphasis,14.115031167139191
LGG_Patient3,T1,original,LongRunHighGrayLevelEmphasis,1503.947105805901
LGG_Patient3,T1,original,LongRunLowGrayLevelEmphasis,0.13966450089588128
LGG_Patient3,T1,original,LowGrayLevelRunEmphasis,0.009688915361906397
LGG_Patient3,T1,original,RunEntropy,4.903046822262686
LGG_Patient3,T1,original,RunLengthNonUniformity,9257.702544899355
LGG_Patient3,T1,original,RunLengthNonUniformityNormalized,0.26168556056979314
LGG_Patient3,T1,original,RunPercentage,0.3794487328657818
LGG_Patient3,T1,original,RunVariance,6.629482971318786
LGG_Patient3,T1,original,ShortRunEmphasis,0.5093020224640438
LGG_Patient3,T1,original,ShortRunHighGrayLevelEmphasis,57.922997480937966
LGG_Patient3,T1,original,ShortRunLowGrayLevelEmphasis,0.005007809670061707
LGG_Patient3,T1,original,GrayLevelNonUniformity,69.10424710424711
LGG_Patient3,T1,original,GrayLevelNonUniformityNormalized,0.13340588244063148
LGG_Patient3,T1,original,GrayLevelVariance,4.701703910198119
LGG_Patient3,T1,original,HighGrayLevelZoneEmphasis,108.91505791505791
LGG_Patient3,T1,original,LargeAreaEmphasis,3319928.5752895754
LGG_Patient3,T1,original,LargeAreaHighGrayLevelEmphasis,366174182.3610039
LGG_Patient3,T1,original,LargeAreaLowGrayLevelEmphasis,30957.17154443924
LGG_Patient3,T1,original,LowGrayLevelZoneEmphasis,0.015296946370218336
LGG_Patient3,T1,original,SizeZoneNonUniformity,152.7992277992278
LGG_Patient3,T1,original,SizeZoneNonUniformityNormalized,0.2949792042456135
LGG_Patient3,T1,original,SmallAreaEmphasis,0.5592615429217302
LGG_Patient3,T1,original,SmallAreaHighGrayLevelEmphasis,60.5347550521194
LGG_Patient3,T1,original,SmallAreaLowGrayLevelEmphasis,0.00834051225960731
LGG_Patient3,T1,original,ZoneEntropy,5.552641007900568
LGG_Patient3,T1,original,ZonePercentage,0.005685934447103247
LGG_Patient3,T1,original,ZoneVariance,3288997.40847632
LGG_Patient3,T1,original,Busyness,22.952865769684898
LGG_Patient3,T1,original,Coarseness,0.00020856690923974774
LGG_Patient3,T1,original,Complexity,25.633142125092018
LGG_Patient3,T1,original,Contrast,0.00405817455170131
LGG_Patient3,T1,original,Strength,0.03130489229015195
LGG_Patient3,T1CE,original,Elongation,0.7563908175691498
LGG_Patient3,T1CE,original,Flatness,0.5729322319015553
LGG_Patient3,T1CE,original,LeastAxisLength,41.50238984423229
LGG_Patient3,T1CE,original,MajorAxisLength,72.43856696015574
LGG_Patient3,T1CE,original,Maximum2DDiameterColumn,65.14598989960932
LGG_Patient3,T1CE,original,Maximum2DDiameterRow,86.02325267042627
LGG_Patient3,T1CE,original,Maximum2DDiameterSlice,82.21921916437786
LGG_Patient3,T1CE,original,Maximum3DDiameter,87.20665112249179
LGG_Patient3,T1CE,original,MeshVolume,91133.66666666667
LGG_Patient3,T1CE,original,MinorAxisLength,54.79186688652981
LGG_Patient3,T1CE,original,Sphericity,0.22923175468136403
LGG_Patient3,T1CE,original,SurfaceArea,42723.016450493946
LGG_Patient3,T1CE,original,SurfaceVolumeRatio,0.46879510079144493
LGG_Patient3,T1CE,original,VoxelVolume,91102.0
LGG_Patient3,T1CE,original,10Percentile,285.0
LGG_Patient3,T1CE,original,90Percentile,405.0
LGG_Patient3,T1CE,original,Energy,11035370177.0
LGG_Patient3,T1CE,original,Entropy,2.9696443274123805
LGG_Patient3,T1CE,original,InterquartileRange,66.0
LGG_Patient3,T1CE,original,Kurtosis,3.1574339997476395
LGG_Patient3,T1CE,original,Maximum,651.0
LGG_Patient3,T1CE,original,MeanAbsoluteDeviation,38.00683121076337
LGG_Patient3,T1CE,original,Mean,344.7995543456785
LGG_Patient3,T1CE,original,Median,346.0
LGG_Patient3,T1CE,original,Minimum,0.0
LGG_Patient3,T1CE,original,Range,651.0
LGG_Patient3,T1CE,original,RobustMeanAbsoluteDeviation,27.18470994650541
LGG_Patient3,T1CE,original,RootMeanSquared,348.0402703421075
LGG_Patient3,T1CE,original,Skewness,-0.16227955785410508
LGG_Patient3,T1CE,original,TotalEnergy,11035370177.0
LGG_Patient3,T1CE,original,Uniformity,0.14719668365298505
LGG_Patient3,T1CE,original,Variance,2245.297102828769
LGG_Patient3,T1CE,original,Autocorrelation,203.20474985910803
LGG_Patient3,T1CE,original,ClusterProminence,468.6032944924627
LGG_Patient3,T1CE,original,ClusterShade,-10.688547919008593
LGG_Patient3,T1CE,original,ClusterTendency,12.90133737740782
LGG_Patient3,T1CE,original,Contrast,1.5925852492874606
LGG_Patient3,T1CE,original,Correlation,0.780693372899973
LGG_Patient3,T1CE,original,DifferenceAverage,0.8380857386701722
LGG_Patient3,T1CE,original,DifferenceEntropy,1.693559400634645
LGG_Patient3,T1CE,original,DifferenceVariance,0.8756645691682442
LGG_Patient3,T1CE,original,Id,0.671405919337627
LGG_Patient3,T1CE,original,Idm,0.6488538933422467
LGG_Patient3,T1CE,original,Idmn,0.997847191147629
LGG_Patient3,T1CE,original,Idn,0.9709490394708197
LGG_Patient3,T1CE,original,Imc1,-0.2662438026449675
LGG_Patient3,T1CE,original,Imc2,0.8843775859556342
LGG_Patient3,T1CE,original,InverseVariance,0.45894970264245644
LGG_Patient3,T1CE,original,JointAverage,14.155463397546486
LGG_Patient3,T1CE,original,JointEnergy,0.04193241294481413
LGG_Patient3,T1CE,original,JointEntropy,5.126085857823609
LGG_Patient3,T1CE,original,MCC,0.8138712288773292
LGG_Patient3,T1CE,original,MaximumProbability,0.08246312293946945
LGG_Patient3,T1CE,original,SumAverage,28.31092679509297
LGG_Patient3,T1CE,original,SumEntropy,3.8547452248857663
LGG_Patient3,T1CE,original,SumSquares,3.623480656673821
LGG_Patient3,T1CE,original,DependenceEntropy,7.179708157521626
LGG_Patient3,T1CE,original,DependenceNonUniformity,4883.107396105464
LGG_Patient3,T1CE,original,DependenceNonUniformityNormalized,0.05360044122088938
LGG_Patient3,T1CE,original,DependenceVariance,28.454016539713642
LGG_Patient3,T1CE,original,GrayLevelNonUniformity,13409.912274154245
LGG_Patient3,T1CE,original,GrayLevelVariance,3.669434924918832
LGG_Patient3,T1CE,original,HighGrayLevelEmphasis,208.4921516541898
LGG_Patient3,T1CE,original,LargeDependenceEmphasis,130.69603301793595
LGG_Patient3,T1CE,original,LargeDependenceHighGrayLevelEmphasis,25121.730236438278
LGG_Patient3,T1CE,original,LargeDependenceLowGrayLevelEmphasis,0.728973166800538
LGG_Patient3,T1CE,original,LowGrayLevelEmphasis,0.005239965070536149
LGG_Patient3,T1CE,original,SmallDependenceEmphasis,0.042499241041909566
LGG_Patient3,T1CE,original,SmallDependenceHighGrayLevelEmphasis,9.93600589853847
LGG_Patient3,T1CE,original,SmallDependenceLowGrayLevelEmphasis,0.00022578624734602188
LGG_Patient3,T1CE,original,GrayLevelNonUniformity,8666.865794150413
LGG_Patient3,T1CE,original,GrayLevelNonUniformityNormalized,0.14641256303670144
LGG_Patient3,T1CE,original,GrayLevelVariance,3.7819389661423655
LGG_Patient3,T1CE,original,HighGrayLevelRunEmphasis,213.9770494357063
LGG_Patient3,T1CE,original,LongRunEmphasis,3.5938490917781922
LGG_Patient3,T1CE,original,LongRunHighGrayLevelEmphasis,716.8384569246932
LGG_Patient3,T1CE,original,LongRunLowGrayLevelEmphasis,0.019511161005389206
LGG_Patient3,T1CE,original,LowGrayLevelRunEmphasis,0.005141391134014942
LGG_Patient3,T1CE,original,RunEntropy,4.390449326893306
LGG_Patient3,T1CE,original,RunLengthNonUniformity,30775.461511127018
LGG_Patient3,T1CE,original,RunLengthNonUniformityNormalized,0.5158122658286557
LGG_Patient3,T1CE,original,RunPercentage,0.6495584830528081
LGG_Patient3,T1CE,original,RunVariance,1.173470455711285
LGG_Patient3,T1CE,original,ShortRunEmphasis,0.7443210077278677
LGG_Patient3,T1CE,original,ShortRunHighGrayLevelEmphasis,162.01253429656754
LGG_Patient3,T1CE,original,ShortRunLowGrayLevelEmphasis,0.0037873159865917452
LGG_Patient3,T1CE,original,GrayLevelNonUniformity,280.1281473130402
LGG_Patient3,T1CE,original,GrayLevelNonUniformityNormalized,0.10527175772756114
LGG_Patient3,T1CE,original,GrayLevelVariance,8.36179135454272
LGG_Patient3,T1CE,original,HighGrayLevelZoneEmphasis,245.41300263059
LGG_Patient3,T1CE,original,LargeAreaEmphasis,372128.93348365277
LGG_Patient3,T1CE,original,LargeAreaHighGrayLevelEmphasis,77722729.04697482
LGG_Patient3,T1CE,original,LargeAreaLowGrayLevelEmphasis,1837.0770438770714
LGG_Patient3,T1CE,original,LowGrayLevelZoneEmphasis,0.005624202868991326
LGG_Patient3,T1CE,original,SizeZoneNonUniformity,793.7230364524614
LGG_Patient3,T1CE,original,SizeZoneNonUniformityNormalized,0.2982799836348972
LGG_Patient3,T1CE,original,SmallAreaEmphasis,0.5636270506148242
LGG_Patient3,T1CE,original,SmallAreaHighGrayLevelEmphasis,140.86682683866343
LGG_Patient3,T1CE,original,SmallAreaLowGrayLevelEmphasis,0.003108033066151007
LGG_Patient3,T1CE,original,ZoneEntropy,6.018702373750566
LGG_Patient3,T1CE,original,ZonePercentage,0.02920901846282189
LGG_Patient3,T1CE,original,ZoneVariance,370956.829684726
LGG_Patient3,T1CE,original,Busyness,12.697781596557085
LGG_Patient3,T1CE,original,Coarseness,0.00015308022016865
LGG_Patient3,T1CE,original,Complexity,160.18174331659557
LGG_Patient3,T1CE,original,Contrast,0.007342236016831444
LGG_Patient3,T1CE,original,Strength,0.057205134082381925
LGG_Patient3,T2,original,Elongation,0.7563908175691498
LGG_Patient3,T2,original,Flatness,0.5729322319015553
LGG_Patient3,T2,original,LeastAxisLength,41.50238984423229
LGG_Patient3,T2,original,MajorAxisLength,72.43856696015574
LGG_Patient3,T2,original,Maximum2DDiameterColumn,65.14598989960932
LGG_Patient3,T2,original,Maximum2DDiameterRow,86.02325267042627
LGG_Patient3,T2,original,Maximum2DDiameterSlice,82.21921916437786
LGG_Patient3,T2,original,Maximum3DDiameter,87.20665112249179
LGG_Patient3,T2,original,MeshVolume,91133.66666666667
LGG_Patient3,T2,original,MinorAxisLength,54.79186688652981
LGG_Patient3,T2,original,Sphericity,0.22923175468136403
LGG_Patient3,T2,original,SurfaceArea,42723.016450493946
LGG_Patient3,T2,original,SurfaceVolumeRatio,0.46879510079144493
LGG_Patient3,T2,original,VoxelVolume,91102.0
LGG_Patient3,T2,original,10Percentile,535.0
LGG_Patient3,T2,original,90Percentile,723.0
LGG_Patient3,T2,original,Energy,38064119167.0
LGG_Patient3,T2,original,Entropy,3.654231797767152
LGG_Patient3,T2,original,InterquartileRange,91.0
LGG_Patient3,T2,original,Kurtosis,4.226398429590958
LGG_Patient3,T2,original,Maximum,926.0
LGG_Patient3,T2,original,MeanAbsoluteDeviation,60.41749507135331
LGG_Patient3,T2,original,Mean,641.4615156637615
LGG_Patient3,T2,original,Median,646.0
LGG_Patient3,T2,original,Minimum,0.0
LGG_Patient3,T2,original,Range,926.0
LGG_Patient3,T2,original,RobustMeanAbsoluteDeviation,39.25453437452366
LGG_Patient3,T2,original,RootMeanSquared,646.3889692410763
LGG_Patient3,T2,original,Skewness,-0.08474501035850678
LGG_Patient3,T2,original,TotalEnergy,38064119167.0
LGG_Patient3,T2,original,Uniformity,0.09986649262407167
LGG_Patient3,T2,original,Variance,6345.823478890883
LGG_Patient3,T2,original,Autocorrelation,705.5038157520607
LGG_Patient3,T2,original,ClusterProminence,5663.678760135665
LGG_Patient3,T2,original,ClusterShade,15.88624449577138
LGG_Patient3,T2,original,ClusterTendency,37.97939956622643
LGG_Patient3,T2,original,Contrast,1.2503480114215042
LGG_Patient3,T2,original,Correlation,0.9361896966597432
LGG_Patient3,T2,original,DifferenceAverage,0.6944776465560791
LGG_Patient3,T2,original,DifferenceEntropy,1.5319020706135293
LGG_Patient3,T2,original,DifferenceVariance,0.7502729084823454
LGG_Patient3,T2,original,Id,0.7158976808177127
LGG_Patient3,T2,original,Idm,0.6999964068216081
LGG_Patient3,T2,original,Idmn,0.9991446672497707
LGG_Patient3,T2,original,Idn,0.9825292870386585
LGG_Patient3,T2,original,Imc1,-0.4553156448561623
LGG_Patient3,T2,original,Imc2,0.9795728850753339
LGG_Patient3,T2,original,InverseVariance,0.4290802772724894
LGG_Patient3,T2,original,JointAverage,26.38788779266992
LGG_Patient3,T2,original,JointEnergy,0.036871150430169475
LGG_Patient3,T2,original,JointEntropy,5.5968681411844114
LGG_Patient3,T2,original,MCC,0.9463841856813959
LGG_Patient3,T2,original,MaximumProbability,0.08226422511751526
LGG_Patient3,T2,original,SumAverage,52.77577558533984
LGG_Patient3,T2,original,SumEntropy,4.574362257049847
LGG_Patient3,T2,original,SumSquares,9.807436894411982
LGG_Patient3,T2,original,DependenceEntropy,8.012225153321907
LGG_Patient3,T2,original,DependenceNonUniformity,4413.498584004742
LGG_Patient3,T2,original,DependenceNonUniformityNormalized,0.04844568268539375
LGG_Patient3,T2,original,DependenceVariance,34.215379227052715
LGG_Patient3,T2,original,GrayLevelNonUniformity,9098.037211038178
LGG_Patient3,T2,original,GrayLevelVariance,10.234109716645658
LGG_Patient3,T2,original,HighGrayLevelEmphasis,695.4791771860113
LGG_Patient3,T2,original,LargeDependenceEmphasis,169.67603345700422
LGG_Patient3,T2,original,LargeDependenceHighGrayLevelEmphasis,119339.59875743672
LGG_Patient3,T2,original,LargeDependenceLowGrayLevelEmphasis,0.25052509787542887
LGG_Patient3,T2,original,LowGrayLevelEmphasis,0.0015849248775490425
LGG_Patient3,T2,original,SmallDependenceEmphasis,0.02896216331511809
LGG_Patient3,T2,original,SmallDependenceHighGrayLevelEmphasis,18.644279349548302
LGG_Patient3,T2,original,SmallDependenceLowGrayLevelEmphasis,7.30125680488039e-05
LGG_Patient3,T2,original,GrayLevelNonUniformity,4755.37862423236
LGG_Patient3,T2,original,GrayLevelNonUniformityNormalized,0.08821844140927498
LGG_Patient3,T2,original,GrayLevelVariance,12.12556594837681
LGG_Patient3,T2,original,HighGrayLevelRunEmphasis,691.9668781233457
LGG_Patient3,T2,original,LongRunEmphasis,4.8222687631158685
LGG_Patient3,T2,original,LongRunHighGrayLevelEmphasis,3382.884648475982
LGG_Patient3,T2,original,LongRunLowGrayLevelEmphasis,0.007311854462708433
LGG_Patient3,T2,original,LowGrayLevelRunEmphasis,0.0016459914107958807
LGG_Patient3,T2,original,RunEntropy,5.396371606452542
LGG_Patient3,T2,original,RunLengthNonUniformity,25256.034154230612
LGG_Patient3,T2,original,RunLengthNonUniformityNormalized,0.46205374607809807
LGG_Patient3,T2,original,RunPercentage,0.5908170554391274
LGG_Patient3,T2,original,RunVariance,1.8279711262633866
LGG_Patient3,T2,original,ShortRunEmphasis,0.7029857257028523
LGG_Patient3,T2,original,ShortRunHighGrayLevelEmphasis,485.1798496845216
LGG_Patient3,T2,original,ShortRunLowGrayLevelEmphasis,0.001194713949007978
LGG_Patient3,T2,original,GrayLevelNonUniformity,90.44864148442677
LGG_Patient3,T2,original,GrayLevelNonUniformityNormalized,0.05993945757748626
LGG_Patient3,T2,original,GrayLevelVariance,24.8393544191006
LGG_Patient3,T2,original,HighGrayLevelZoneEmphasis,585.7349237905898
LGG_Patient3,T2,original,LargeAreaEmphasis,489803.9456593771
LGG_Patient3,T2,original,LargeAreaHighGrayLevelEmphasis,342715268.0901259
LGG_Patient3,T2,original,LargeAreaLowGrayLevelEmphasis,713.3655999437319
LGG_Patient3,T2,original,LowGrayLevelZoneEmphasis,0.003699388999092597
LGG_Patient3,T2,original,SizeZoneNonUniformity,434.58780649436716
LGG_Patient3,T2,original,SizeZoneNonUniformityNormalized,0.28799722100355674
LGG_Patient3,T2,original,SmallAreaEmphasis,0.5543587931395559
LGG_Patient3,T2,original,SmallAreaHighGrayLevelEmphasis,310.8249520296553
LGG_Patient3,T2,original,SmallAreaLowGrayLevelEmphasis,0.002085816325764421
LGG_Patient3,T2,original,ZoneEntropy,6.786140251299908
LGG_Patient3,T2,original,ZonePercentage,0.01656385150710193
LGG_Patient3,T2,original,ZoneVariance,486159.1151048206
LGG_Patient3,T2,original,Busyness,2.3515719737222867
LGG_Patient3,T2,original,Coarseness,0.00029370070758811417
LGG_Patient3,T2,original,Complexity,296.8645765990638
LGG_Patient3,T2,original,Contrast,0.006369810942947381
LGG_Patient3,T2,original,Strength,0.3280321377987322
